#
# A fatal error has been detected by the Java Runtime Environment:
#
#  EXCEPTION_ACCESS_VIOLATION (0xc0000005) at pc=0x000000005412ba43, pid=37512, tid=8700
#
# JRE version: Java(TM) SE Runtime Environment (21.0.6+8) (build 21.0.6+8-LTS-188)
# Java VM: Java HotSpot(TM) 64-Bit Server VM (21.0.6+8-LTS-188, mixed mode, sharing, tiered, compressed oops, compressed class ptrs, g1 gc, windows-amd64)
# Problematic frame:
# C  [gdx-box2d64.dll+0xba43]
#
# No core dump will be written. Minidumps are not enabled by default on client versions of Windows
#
# If you would like to submit a bug report, please visit:
#   https://bugreport.java.com/bugreport/crash.jsp
# The crash happened outside the Java Virtual Machine in native code.
# See problematic frame for where to report the bug.
#

---------------  S U M M A R Y ------------

Command Line: -Dfile.encoding=UTF-8 -Duser.country=CN -Duser.language=zh -Duser.variant com.csse3200.game.desktop.DesktopLauncher

Host: Intel(R) Core(TM) Ultra 7 155H, 22 cores, 15G,  Windows 11 , 64 bit Build 26100 (10.0.26100.9168)
Time: Mon Aug 31 20:53:17 2026  Windows 11 , 64 bit Build 26100 (10.0.26100.9168) elapsed time: 20.284718 seconds (0d 0h 0m 20s)

---------------  T H R E A D  ---------------

Current thread (0x00000249e49ea950):  JavaThread "main"             [_thread_in_native, id=8700, stack(0x000000a525b00000,0x000000a525c00000) (1024K)]

Stack: [0x000000a525b00000,0x000000a525c00000],  sp=0x000000a525bfec60,  free space=1019k
Native frames: (J=compiled Java code, j=interpreted, Vv=VM code, C=native code)
C  [gdx-box2d64.dll+0xba43]

Java frames: (J=compiled Java code, j=interpreted, Vv=VM code)
j  com.badlogic.gdx.physics.box2d.World.jniCreateBody(JIFFFFFFFFZZZZZF)J+0
j  com.badlogic.gdx.physics.box2d.World.createBody(Lcom/badlogic/gdx/physics/box2d/BodyDef;)Lcom/badlogic/gdx/physics/box2d/Body;+80
j  com.csse3200.game.physics.PhysicsEngine.createBody(Lcom/badlogic/gdx/physics/box2d/BodyDef;)Lcom/badlogic/gdx/physics/box2d/Body;+16
j  com.csse3200.game.physics.components.PhysicsComponent.<init>(Lcom/csse3200/game/physics/PhysicsEngine;)V+51
j  com.csse3200.game.physics.components.PhysicsComponent.<init>()V+7
j  com.csse3200.game.entities.factories.HitboxFactory.createHitbox(Lcom/csse3200/game/entities/factories/HitboxSpec;)Lcom/csse3200/game/entities/Entity;+15
j  com.csse3200.game.entities.factories.FloatingDemonProjectileFactory.createProjectile(Lcom/badlogic/gdx/math/Vector2;Lcom/badlogic/gdx/math/Vector2;I)Lcom/csse3200/game/entities/Entity;+94
j  com.csse3200.game.components.tasks.RangedAttackTask.lambda$createProjectile$0(Lcom/badlogic/gdx/math/Vector2;Lcom/badlogic/gdx/math/Vector2;)V+6
j  com.csse3200.game.components.tasks.RangedAttackTask$$Lambda+0x00000249890e6618.run()V+12
j  com.csse3200.game.entities.EntityService.update()V+76
J 2183 c1 com.csse3200.game.screens.MainGameScreen.render(F)V (21 bytes) @ 0x00000249ef5b3824 [0x00000249ef5b3700+0x0000000000000124]
J 2161 c1 com.badlogic.gdx.backends.lwjgl3.Lwjgl3Window.update()Z (217 bytes) @ 0x00000249ef5af1a4 [0x00000249ef5ae420+0x0000000000000d84]
j  com.badlogic.gdx.backends.lwjgl3.Lwjgl3Application.loop()V+111
j  com.badlogic.gdx.backends.lwjgl3.Lwjgl3Application.<init>(Lcom/badlogic/gdx/ApplicationListener;Lcom/badlogic/gdx/backends/lwjgl3/Lwjgl3ApplicationConfiguration;)V+269
j  com.csse3200.game.desktop.DesktopLauncher.main([Ljava/lang/String;)V+20
v  ~StubRoutines::call_stub 0x00000249f662100d

siginfo: EXCEPTION_ACCESS_VIOLATION (0xc0000005), reading address 0x0000024bcf277400


Registers:
RAX=0x000000005416f060, RBX=0x0000024bcf277400, RCX=0x00000249cf221e00, RDX=0x00000000000000b8
RSP=0x000000a525bfec60, RBP=0x00000249cf221e30, RSI=0x00000249cf221e00, RDI=0x0000000000000148
R8 =0x00000249cf221e00, R9 =0x0000000000000002, R10=0x0000000000000001, R11=0x0000000000000001
R12=0x0000000000000006, R13=0x00000249c993a268, R14=0x000000a525bfef38, R15=0x00000249e49ea950
RIP=0x000000005412ba43, EFLAGS=0x0000000000010206


Register to memory mapping:

RAX=0x000000005416f060 gdx-box2d64.dll
RBX=0x0000024bcf277400 is an unknown value
RCX=0x00000249cf221e00 points into unknown readable memory: 0x00000249d4610080 | 80 00 61 d4 49 02 00 00
RDX=0x00000000000000b8 is an unknown value
RSP=0x000000a525bfec60 is pointing into the stack for thread: 0x00000249e49ea950
RBP=0x00000249cf221e30 points into unknown readable memory: 0x0000000000000000 | 00 00 00 00 00 00 00 00
RSI=0x00000249cf221e00 points into unknown readable memory: 0x00000249d4610080 | 80 00 61 d4 49 02 00 00
RDI=0x0000000000000148 is an unknown value
R8 =0x00000249cf221e00 points into unknown readable memory: 0x00000249d4610080 | 80 00 61 d4 49 02 00 00
R9 =0x0000000000000002 is an unknown value
R10=0x0000000000000001 is an unknown value
R11=0x0000000000000001 is an unknown value
R12=0x0000000000000006 is an unknown value
R13={method} {0x00000249c993a270} 'jniCreateBody' '(JIFFFFFFFFZZZZZF)J' in 'com/badlogic/gdx/physics/box2d/World'
R14=0x000000a525bfef38 is pointing into the stack for thread: 0x00000249e49ea950
R15=0x00000249e49ea950 is a thread

Top of Stack: (sp=0x000000a525bfec60)
0x000000a525bfec60:   0000000000000020 00000249e49ea950
0x000000a525bfec70:   000000a525bfed90 0000000000000000
0x000000a525bfec80:   00000249c993a268 00000249e49ea950
0x000000a525bfec90:   00007fffbbf044f8 00000249cf221e00
0x000000a525bfeca0:   000000a525bfed40 0000000000000148
0x000000a525bfecb0:   000000a525bfee90 0000000000000000
0x000000a525bfecc0:   00000249c993a268 0000000054140e22
0x000000a525bfecd0:   000000a525bfeea8 000000a525bfee20
0x000000a525bfece0:   000000a525bfed80 000000a525bfed80
0x000000a525bfecf0:   0000000000000003 00000249c993a268
0x000000a525bfed00:   00000249e49ea950 0000000000000001
0x000000a525bfed10:   00000249c9a26660 00000000541466e6
0x000000a525bfed20:   00000249e49ea950 000000a525bfef38
0x000000a525bfed30:   000000a525bfee90 00000249f6628287
0x000000a525bfed40:   0000000000000002 0000000000000000
0x000000a525bfed50:   0000000000000000 40a0000000000000
0x000000a525bfed60:   0001010100000000 000000a525bfef00
0x000000a525bfed70:   0000000000000000 000000003f800000
0x000000a525bfed80:   00000249c993a268 00000249f662ce4b
0x000000a525bfed90:   00000249c9964090 000000005413f528
0x000000a525bfeda0:   000000a525bfef80 00007fffbbacad12
0x000000a525bfedb0:   0000000000000000 0000000000000000
0x000000a525bfedc0:   0000000000000000 0000000000000000
0x000000a525bfedd0:   0000000000000000 0000000000000000
0x000000a525bfede0:   0000000040a00000 0000000000000000
0x000000a525bfedf0:   0000000000000001 0000000000000001
0x000000a525bfee00:   0000000000000001 0000000000000000
0x000000a525bfee10:   0000000000000000 000000003f800000
0x000000a525bfee20:   00000249e49ea950 00007fffbbb7c7f4
0x000000a525bfee30:   000000a525bfeeb0 000000071648d9a8
0x000000a525bfee40:   00000249e49ea950 000000a525bfee48
0x000000a525bfee50:   00000249c993a268 0000000000000015 

Instructions: (pc=0x000000005412ba43)
0x000000005412b943:   f6 48 8d 2d b5 16 03 00 48 8d 3d 0e 37 04 00 4c
0x000000005412b953:   8d 2d f7 31 03 00 4c 8d 25 55 32 03 00 eb 1a 83
0x000000005412b963:   fe 0d 7e 11 41 b8 49 00 00 00 4c 89 ea 4c 89 e1
0x000000005412b973:   e8 18 82 02 00 48 83 c3 01 48 63 c6 39 5c 85 00
0x000000005412b983:   7d 03 83 c6 01 48 81 fb 80 02 00 00 40 88 34 1f
0x000000005412b993:   75 cd c6 05 a4 36 04 00 01 48 83 c4 28 5b 5e 5f
0x000000005412b9a3:   5d 41 5c 41 5d c3 90 66 0f 1f 44 00 00 57 56 53
0x000000005412b9b3:   48 83 ec 20 8b 41 08 48 89 cf 85 c0 7e 1d 31 f6
0x000000005412b9c3:   31 db 48 8b 07 83 c3 01 48 8b 4c 30 08 48 83 c6
0x000000005412b9d3:   10 e8 a7 08 00 00 39 5f 08 7f e7 48 8b 0f 48 83
0x000000005412b9e3:   c4 20 5b 5e 5f e9 93 08 00 00 90 66 90 41 55 41
0x000000005412b9f3:   54 55 57 56 53 48 83 ec 38 48 63 da 48 89 ce 83
0x000000005412ba03:   fb 00 0f 84 95 01 00 00 0f 8e 6f 01 00 00 81 fb
0x000000005412ba13:   80 02 00 00 0f 8f 23 01 00 00 48 8d 05 3c 36 04
0x000000005412ba23:   00 44 0f b6 24 18 41 80 fc 0d 4c 89 e3 0f 87 da
0x000000005412ba33:   00 00 00 48 8d 2c de 48 8b 5d 10 48 85 db 74 1d
0x000000005412ba43:   48 8b 03 48 89 45 10 48 89 d8 48 83 c4 38 5b 5e
0x000000005412ba53:   5f 5d 41 5c 41 5d c3 66 0f 1f 44 00 00 48 63 46
0x000000005412ba63:   08 4c 8b 2e 3b 46 0c 0f 84 40 01 00 00 48 c1 e0
0x000000005412ba73:   04 b9 00 40 00 00 4d 63 e4 49 8d 7c 05 00 e8 ea
0x000000005412ba83:   07 00 00 48 89 c3 48 89 47 08 48 8d 05 6c 15 03
0x000000005412ba93:   00 46 8b 24 a0 b8 00 40 00 00 99 41 f7 fc 45 89
0x000000005412baa3:   e5 44 89 27 44 0f af e8 41 81 fd 00 40 00 00 0f
0x000000005412bab3:   8f 9b 00 00 00 83 f8 01 7e 23 49 63 d4 83 e8 01
0x000000005412bac3:   45 31 c0 49 89 d1 48 8d 0c 13 49 f7 d9 41 83 c0
0x000000005412bad3:   01 4a 89 0c 09 48 01 d1 41 39 c0 75 f0 45 29 e5
0x000000005412bae3:   4d 63 ed 4a c7 04 2b 00 00 00 00 48 8b 03 48 89
0x000000005412baf3:   45 10 83 46 08 01 48 89 d8 48 83 c4 38 5b 5e 5f
0x000000005412bb03:   5d 41 5c 41 5d c3 0f 1f 80 00 00 00 00 48 8d 15
0x000000005412bb13:   39 30 03 00 48 8d 0d b2 30 03 00 48 8d 2c de 41
0x000000005412bb23:   b8 70 00 00 00 e8 63 80 02 00 48 8b 5d 10 48 85
0x000000005412bb33:   db 0f 85 09 ff ff ff e9 21 ff ff ff 90 89 d9 48 


Stack slot to memory mapping:

stack at sp + 0 slots: 0x0000000000000020 is an unknown value
stack at sp + 1 slots: 0x00000249e49ea950 is a thread
stack at sp + 2 slots: 0x000000a525bfed90 is pointing into the stack for thread: 0x00000249e49ea950
stack at sp + 3 slots: 0x0 is null
stack at sp + 4 slots: {method} {0x00000249c993a270} 'jniCreateBody' '(JIFFFFFFFFZZZZZF)J' in 'com/badlogic/gdx/physics/box2d/World'
stack at sp + 5 slots: 0x00000249e49ea950 is a thread
stack at sp + 6 slots: 0x00007fffbbf044f8 jvm.dll
stack at sp + 7 slots: 0x00000249cf221e00 points into unknown readable memory: 0x00000249d4610080 | 80 00 61 d4 49 02 00 00


Compiled method (c1)   20329 2183       3       com.csse3200.game.screens.MainGameScreen::render (21 bytes)
 total in heap  [0x00000249ef5b3510,0x00000249ef5b3ac0] = 1456
 relocation     [0x00000249ef5b3670,0x00000249ef5b36e8] = 120
 main code      [0x00000249ef5b3700,0x00000249ef5b3918] = 536
 stub code      [0x00000249ef5b3918,0x00000249ef5b3980] = 104
 oops           [0x00000249ef5b3980,0x00000249ef5b3988] = 8
 metadata       [0x00000249ef5b3988,0x00000249ef5b39b0] = 40
 scopes data    [0x00000249ef5b39b0,0x00000249ef5b39f8] = 72
 scopes pcs     [0x00000249ef5b39f8,0x00000249ef5b3a98] = 160
 dependencies   [0x00000249ef5b3a98,0x00000249ef5b3aa0] = 8
 nul chk table  [0x00000249ef5b3aa0,0x00000249ef5b3ac0] = 32

[Constant Pool (empty)]

[MachCode]
[Entry Point]
  # {method} {0x00000249c992f5b8} 'render' '(F)V' in 'com/csse3200/game/screens/MainGameScreen'
  # this:     rdx:rdx   = 'com/csse3200/game/screens/MainGameScreen'
  # parm0:    xmm0      = float
  #           [sp+0x40]  (sp of caller)
  0x00000249ef5b3700: 448b 5208 | 49bb 0000 | 0088 4902 | 0000 4d03 | d34c 3bd0 

  0x00000249ef5b3714: ;   {runtime_call ic_miss_stub}
  0x00000249ef5b3714: 0f85 66b0 | 0b07 660f | 1f44 0000 
[Verified Entry Point]
  0x00000249ef5b3720: 8984 2400 | 80ff ff55 | 4883 ec30 | 4181 7f20 | 0100 0000 

  0x00000249ef5b3734: ;   {runtime_call StubRoutines (final stubs)}
  0x00000249ef5b3734: 7405 e825 

  0x00000249ef5b3738: ;   {metadata(method data for {method} {0x00000249c992f5b8} 'render' '(F)V' in 'com/csse3200/game/screens/MainGameScreen')}
  0x00000249ef5b3738: 160a 0748 | be80 d4a4 | c949 0200 | 008b becc | 0000 0083 | c702 89be | cc00 0000 | 81e7 fe07 
  0x00000249ef5b3758: 0000 85ff | 0f84 2501 | 0000 8b72 | 1448 c1e6 | 0348 3b06 

  0x00000249ef5b376c: ;   {metadata(method data for {method} {0x00000249c992f5b8} 'render' '(F)V' in 'com/csse3200/game/screens/MainGameScreen')}
  0x00000249ef5b376c: 488b fe48 | bb80 d4a4 | c949 0200 

  0x00000249ef5b3778: ;   {metadata('com/csse3200/game/physics/PhysicsEngine')}
  0x00000249ef5b3778: 0049 ba20 | f60b 8949 | 0200 004c | 8993 2001 | 0000 4883 | 8328 0100 | 0001 4889 | 5424 2048 
  0x00000249ef5b3798: 8bd6 0f1f 

  0x00000249ef5b379c: ;   {optimized virtual_call}
  0x00000249ef5b379c: 4400 00e8 

  0x00000249ef5b37a0: ; ImmutableOopMap {[32]=Oop }
                      ;*invokevirtual update {reexecute=0 rethrow=0 return_oop=0}
                      ; - com.csse3200.game.screens.MainGameScreen::render@4 (line 77)
  0x00000249ef5b37a0: 9c05 0000 

  0x00000249ef5b37a4: ;   {other}
  0x00000249ef5b37a4: 0f1f 8400 | 9402 0000 

  0x00000249ef5b37ac: ;   {metadata(method data for {method} {0x00000249c992f5b8} 'render' '(F)V' in 'com/csse3200/game/screens/MainGameScreen')}
  0x00000249ef5b37ac: 48ba 80d4 | a4c9 4902 | 0000 4883 | 8248 0100 

  0x00000249ef5b37bc: ;   {metadata(method data for {method} {0x00000249c96cf220} 'getEntityService' '()Lcom/csse3200/game/entities/EntityService;' in 'com/csse3200/game/services/ServiceLocator')}
  0x00000249ef5b37bc: 0001 48ba | 804f a4c9 | 4902 0000 | 8bb2 cc00 | 0000 83c6 | 0289 b2cc | 0000 0081 | e6fe ff1f 
  0x00000249ef5b37dc: 0085 f60f | 84c8 0000 

  0x00000249ef5b37e4: ;   {oop(a 'java/lang/Class'{0x0000000715a2f5f8} = 'com/csse3200/game/services/ServiceLocator')}
  0x00000249ef5b37e4: 0048 baf8 | f5a2 1507 | 0000 008b | 5274 48c1 | e203 483b | 0248 8bf2 

  0x00000249ef5b37fc: ;   {metadata(method data for {method} {0x00000249c992f5b8} 'render' '(F)V' in 'com/csse3200/game/screens/MainGameScreen')}
  0x00000249ef5b37fc: 48bf 80d4 | a4c9 4902 

  0x00000249ef5b3804: ;   {metadata('com/csse3200/game/entities/EntityService')}
  0x00000249ef5b3804: 0000 49ba | c0b5 0889 | 4902 0000 | 4c89 9768 | 0100 0048 | 8387 7001 

  0x00000249ef5b381c: ;   {optimized virtual_call}
  0x00000249ef5b381c: 0000 01e8 

  0x00000249ef5b3820: ; ImmutableOopMap {[32]=Oop }
                      ;*invokevirtual update {reexecute=0 rethrow=0 return_oop=0}
                      ; - com.csse3200.game.screens.MainGameScreen::render@10 (line 78)
  0x00000249ef5b3820: 1c8b 8e07 

  0x00000249ef5b3824: ;   {other}
  0x00000249ef5b3824: 0f1f 8400 | 1403 0001 | 488b 5424 | 208b 5210 | 48c1 e203 

  0x00000249ef5b3838: ; implicit exception: dispatches to 0x00000249ef5b38d3
  0x00000249ef5b3838: 483b 0248 

  0x00000249ef5b383c: ;   {metadata(method data for {method} {0x00000249c992f5b8} 'render' '(F)V' in 'com/csse3200/game/screens/MainGameScreen')}
  0x00000249ef5b383c: 8bf2 48bf | 80d4 a4c9 | 4902 0000 

  0x00000249ef5b3848: ;   {metadata('com/csse3200/game/rendering/Renderer')}
  0x00000249ef5b3848: 49ba a0f3 | 0889 4902 | 0000 4c89 | 97a0 0100 | 0048 8387 | a801 0000 | 0166 0f1f 

  0x00000249ef5b3864: ;   {optimized virtual_call}
  0x00000249ef5b3864: 4400 00e8 

  0x00000249ef5b3868: ; ImmutableOopMap {}
                      ;*invokevirtual render {reexecute=0 rethrow=0 return_oop=0}
                      ; - com.csse3200.game.screens.MainGameScreen::render@17 (line 79)
  0x00000249ef5b3868: 3478 ffff 

  0x00000249ef5b386c: ;   {other}
  0x00000249ef5b386c: 0f1f 8400 | 5c03 0002 | 4883 c430 

  0x00000249ef5b3878: ;   {poll_return}
  0x00000249ef5b3878: 5d49 3ba7 | 4804 0000 | 0f87 5200 

  0x00000249ef5b3884: ;   {metadata({method} {0x00000249c992f5b8} 'render' '(F)V' in 'com/csse3200/game/screens/MainGameScreen')}
  0x00000249ef5b3884: 0000 c349 | bab0 f592 | c949 0200 | 004c 8954 | 2408 48c7 | 0424 ffff 

  0x00000249ef5b389c: ;   {runtime_call counter_overflow Runtime1 stub}
  0x00000249ef5b389c: ffff e85d 

  0x00000249ef5b38a0: ; ImmutableOopMap {rdx=Oop }
                      ;*synchronization entry
                      ; - com.csse3200.game.screens.MainGameScreen::render@-1 (line 77)
  0x00000249ef5b38a0: 7e18 07e9 | bafe ffff 

  0x00000249ef5b38a8: ;   {runtime_call throw_null_pointer_exception Runtime1 stub}
  0x00000249ef5b38a8: e853 eb17 

  0x00000249ef5b38ac: ; ImmutableOopMap {rdx=Oop rsi=Oop }
                      ;*invokevirtual update {reexecute=0 rethrow=0 return_oop=0}
                      ; - com.csse3200.game.screens.MainGameScreen::render@4 (line 77)
                      ;   {metadata({method} {0x00000249c96cf220} 'getEntityService' '()Lcom/csse3200/game/entities/EntityService;' in 'com/csse3200/game/services/ServiceLocator')}
  0x00000249ef5b38ac: 0749 ba18 | f26c c949 | 0200 004c | 8954 2408 | 48c7 0424 | ffff ffff 

  0x00000249ef5b38c4: ;   {runtime_call counter_overflow Runtime1 stub}
  0x00000249ef5b38c4: e837 7e18 

  0x00000249ef5b38c8: ; ImmutableOopMap {[32]=Oop }
                      ;*synchronization entry
                      ; - com.csse3200.game.services.ServiceLocator::getEntityService@-1 (line 28)
                      ; - com.csse3200.game.screens.MainGameScreen::render@7 (line 78)
  0x00000249ef5b38c8: 07e9 17ff 

  0x00000249ef5b38cc: ;   {runtime_call throw_null_pointer_exception Runtime1 stub}
  0x00000249ef5b38cc: ffff e82d 

  0x00000249ef5b38d0: ; ImmutableOopMap {rdx=Oop [32]=Oop }
                      ;*invokevirtual update {reexecute=0 rethrow=0 return_oop=0}
                      ; - com.csse3200.game.screens.MainGameScreen::render@10 (line 78)
                      ;   {runtime_call throw_null_pointer_exception Runtime1 stub}
  0x00000249ef5b38d0: eb17 07e8 

  0x00000249ef5b38d4: ; ImmutableOopMap {rdx=Oop }
                      ;*invokevirtual render {reexecute=0 rethrow=0 return_oop=0}
                      ; - com.csse3200.game.screens.MainGameScreen::render@17 (line 79)
  0x00000249ef5b38d4: 28eb 1707 

  0x00000249ef5b38d8: ;   {internal_word}
  0x00000249ef5b38d8: 49ba 7938 | 5bef 4902 | 0000 4d89 | 9760 0400 

  0x00000249ef5b38e8: ;   {runtime_call SafepointBlob}
  0x00000249ef5b38e8: 00e9 121e | 0c07 498b | 87f8 0400 | 0049 c787 | f804 0000 | 0000 0000 | 49c7 8700 | 0500 0000 
  0x00000249ef5b3908: 0000 0048 | 83c4 305d 

  0x00000249ef5b3910: ;   {runtime_call unwind_exception Runtime1 stub}
  0x00000249ef5b3910: e9eb db17 | 07f4 f4f4 
[Stub Code]
  0x00000249ef5b3918: ;   {no_reloc}
  0x00000249ef5b3918: 0f1f 4400 

  0x00000249ef5b391c: ;   {static_stub}
  0x00000249ef5b391c: 0048 bb00 | 0000 0000 

  0x00000249ef5b3924: ;   {runtime_call}
  0x00000249ef5b3924: 0000 00e9 | fbff ffff 

  0x00000249ef5b392c: ;   {static_stub}
  0x00000249ef5b392c: 9048 bb00 | 0000 0000 

  0x00000249ef5b3934: ;   {runtime_call}
  0x00000249ef5b3934: 0000 00e9 | fbff ffff 

  0x00000249ef5b393c: ;   {static_stub}
  0x00000249ef5b393c: 9048 bb00 | 0000 0000 

  0x00000249ef5b3944: ;   {runtime_call}
  0x00000249ef5b3944: 0000 00e9 | fbff ffff 
[Exception Handler]
  0x00000249ef5b394c: ;   {runtime_call handle_exception_from_callee Runtime1 stub}
  0x00000249ef5b394c: e8af 2818 

  0x00000249ef5b3950: ;   {external_word}
  0x00000249ef5b3950: 0748 b9a0 | 46ec bbff | 7f00 0048 

  0x00000249ef5b395c: ;   {runtime_call}
  0x00000249ef5b395c: 83e4 f048 | b8b0 28b4 | bbff 7f00 | 00ff d0f4 
[Deopt Handler Code]
  0x00000249ef5b396c: ;   {section_word}
  0x00000249ef5b396c: 49ba 6c39 | 5bef 4902 | 0000 4152 

  0x00000249ef5b3978: ;   {runtime_call DeoptimizationBlob}
  0x00000249ef5b3978: e923 100c | 07f4 f4f4 
[/MachCode]


Compiled method (c1)   20333 2161   !   3       com.badlogic.gdx.backends.lwjgl3.Lwjgl3Window::update (217 bytes)
 total in heap  [0x00000249ef5ae110,0x00000249ef5afcb0] = 7072
 relocation     [0x00000249ef5ae270,0x00000249ef5ae418] = 424
 main code      [0x00000249ef5ae420,0x00000249ef5af510] = 4336
 stub code      [0x00000249ef5af510,0x00000249ef5af618] = 264
 oops           [0x00000249ef5af618,0x00000249ef5af620] = 8
 metadata       [0x00000249ef5af620,0x00000249ef5af6d8] = 184
 scopes data    [0x00000249ef5af6d8,0x00000249ef5af8a0] = 456
 scopes pcs     [0x00000249ef5af8a0,0x00000249ef5afb70] = 720
 dependencies   [0x00000249ef5afb70,0x00000249ef5afba8] = 56
 handler table  [0x00000249ef5afba8,0x00000249ef5afc20] = 120
 nul chk table  [0x00000249ef5afc20,0x00000249ef5afcb0] = 144

[Constant Pool (empty)]

[MachCode]
[Entry Point]
  # {method} {0x00000249c9585648} 'update' '()Z' in 'com/badlogic/gdx/backends/lwjgl3/Lwjgl3Window'
  #           [sp+0x90]  (sp of caller)
  0x00000249ef5ae420: 448b 5208 | 49bb 0000 | 0088 4902 | 0000 4d03 | d34c 3bd0 

  0x00000249ef5ae434: ;   {runtime_call ic_miss_stub}
  0x00000249ef5ae434: 0f85 4603 | 0c07 660f | 1f44 0000 
[Verified Entry Point]
  0x00000249ef5ae440: 8984 2400 | 80ff ff55 | 4881 ec80 | 0000 0090 | 4181 7f20 | 0100 0000 

  0x00000249ef5ae458: ;   {runtime_call StubRoutines (final stubs)}
  0x00000249ef5ae458: 7405 e801 | 690a 0748 | 8954 2440 

  0x00000249ef5ae464: ;   {metadata(method data for {method} {0x00000249c9585648} 'update' '()Z' in 'com/badlogic/gdx/backends/lwjgl3/Lwjgl3Window')}
  0x00000249ef5ae464: 48be 20b8 | a4c9 4902 | 0000 8bbe | cc00 0000 | 83c7 0289 | becc 0000 | 0081 e7fe | 0700 0085 
  0x00000249ef5ae484: ff0f 84b8 | 0e00 000f | be72 0c85 

  0x00000249ef5ae490: ;   {metadata(method data for {method} {0x00000249c9585648} 'update' '()Z' in 'com/badlogic/gdx/backends/lwjgl3/Lwjgl3Window')}
  0x00000249ef5ae490: f648 be20 | b8a4 c949 | 0200 0048 | bf10 0100 | 0000 0000 | 0075 0a48 | bf20 0100 | 0000 0000 
  0x00000249ef5ae4b0: 0048 8b1c | 3e48 8d5b | 0148 891c | 3e0f 853e | 0000 0048 

  0x00000249ef5ae4c4: ;   {metadata(method data for {method} {0x00000249c9585648} 'update' '()Z' in 'com/badlogic/gdx/backends/lwjgl3/Lwjgl3Window')}
  0x00000249ef5ae4c4: 8bf2 48bf | 20b8 a4c9 | 4902 0000 

  0x00000249ef5ae4d0: ;   {metadata('com/badlogic/gdx/backends/lwjgl3/Lwjgl3Window')}
  0x00000249ef5ae4d0: 49ba 2854 | 0289 4902 | 0000 4c89 | 9740 0100 | 0048 8387 | 4801 0000 | 0148 8bf2 

  0x00000249ef5ae4ec: ;   {optimized virtual_call}
  0x00000249ef5ae4ec: 488b d6e8 

  0x00000249ef5ae4f0: ; ImmutableOopMap {[64]=Oop }
                      ;*invokevirtual initializeListener {reexecute=0 rethrow=0 return_oop=0}
                      ; - com.badlogic.gdx.backends.lwjgl3.Lwjgl3Window::update@8 (line 366)
  0x00000249ef5ae4f0: 8c05 0c07 

  0x00000249ef5ae4f4: ;   {other}
  0x00000249ef5ae4f4: 0f1f 8400 | e403 0000 | 488b 5424 | 408b 7230 | 48c1 e603 | 4c8d 4424 | 6049 8970 | 0848 8b06 
  0x00000249ef5ae514: 4883 c801 | 4989 00f0 | 4c0f b106 | 0f84 1200 | 0000 482b | c448 2507 | f0ff ff49 | 8900 0f85 
  0x00000249ef5ae534: 310e 0000 | 49ff 8748 | 0500 0048 | 8974 2448 | 8b5a 3448 | c1e3 0344 | 8b42 3049 | c1e0 0348 
  0x00000249ef5ae554: 3b03 4c8b 

  0x00000249ef5ae558: ;   {metadata(method data for {method} {0x00000249c9585648} 'update' '()Z' in 'com/badlogic/gdx/backends/lwjgl3/Lwjgl3Window')}
  0x00000249ef5ae558: cb48 bf20 | b8a4 c949 | 0200 0045 | 8b49 0849 | ba00 0000 | 8849 0200 | 004d 03ca | 4c3b 8f78 
  0x00000249ef5ae578: 0100 0075 | 0d48 8387 | 8001 0000 | 01e9 6000 | 0000 4c3b | 8f88 0100 | 0075 0d48 | 8387 9001 
  0x00000249ef5ae598: 0000 01e9 | 4a00 0000 | 4883 bf78 | 0100 0000 | 7517 4c89 | 8f78 0100 | 0048 c787 | 8001 0000 
  0x00000249ef5ae5b8: 0100 0000 | e929 0000 | 0048 83bf | 8801 0000 | 0075 174c | 898f 8801 | 0000 48c7 | 8790 0100 
  0x00000249ef5ae5d8: 0001 0000 | 00e9 0800 | 0000 4883 | 8768 0100 

  0x00000249ef5ae5e8: ;   {metadata(method data for {method} {0x00000249c9437f60} 'addAll' '(Lcom/badlogic/gdx/utils/Array;)V' in 'com/badlogic/gdx/utils/Array')}
  0x00000249ef5ae5e8: 0001 49b9 | 88d3 a3c9 | 4902 0000 | 418b b9cc | 0000 0083 | c702 4189 | b9cc 0000 | 0081 e7fe 
  0x00000249ef5ae608: ff1f 0085 | ff0f 846e | 0d00 0045 | 8b48 1449 | c1e1 0341 | 8b78 0c4c 

  0x00000249ef5ae620: ;   {metadata(method data for {method} {0x00000249c9437f60} 'addAll' '(Lcom/badlogic/gdx/utils/Array;)V' in 'com/badlogic/gdx/utils/Array')}
  0x00000249ef5ae620: 8bc3 48b8 | 88d3 a3c9 | 4902 0000 | 458b 4008 | 49ba 0000 | 0088 4902 | 0000 4d03 | c24c 3b80 
  0x00000249ef5ae640: 2001 0000 | 750d 4883 | 8028 0100 | 0001 e960 | 0000 004c | 3b80 3001 | 0000 750d | 4883 8038 
  0x00000249ef5ae660: 0100 0001 | e94a 0000 | 0048 83b8 | 2001 0000 | 0075 174c | 8980 2001 | 0000 48c7 | 8028 0100 
  0x00000249ef5ae680: 0001 0000 | 00e9 2900 | 0000 4883 | b830 0100 | 0000 7517 | 4c89 8030 | 0100 0048 | c780 3801 
  0x00000249ef5ae6a0: 0000 0100 | 0000 e908 | 0000 0048 | 8380 1001 | 0000 014d | 8bc1 41b9 | 0000 0000 

  0x00000249ef5ae6bc: ;   {optimized virtual_call}
  0x00000249ef5ae6bc: 488b d3e8 

  0x00000249ef5ae6c0: ; ImmutableOopMap {[64]=Oop [72]=Oop [104]=Oop }
                      ;*invokevirtual addAll {reexecute=0 rethrow=0 return_oop=0}
                      ; - com.badlogic.gdx.utils.Array::addAll@10 (line 133)
                      ; - com.badlogic.gdx.backends.lwjgl3.Lwjgl3Window::update@26 (line 369)
  0x00000249ef5ae6c0: 7c3f fcff 

  0x00000249ef5ae6c4: ;   {other}
  0x00000249ef5ae6c4: 0f1f 8400 | b405 0001 | 488b 5424 | 408b 7230 | 48c1 e603 

  0x00000249ef5ae6d8: ; implicit exception: dispatches to 0x00000249ef5af3a7
  0x00000249ef5ae6d8: 483b 0648 

  0x00000249ef5ae6dc: ;   {metadata(method data for {method} {0x00000249c9585648} 'update' '()Z' in 'com/badlogic/gdx/backends/lwjgl3/Lwjgl3Window')}
  0x00000249ef5ae6dc: 8bfe 48bb | 20b8 a4c9 | 4902 0000 | 8b7f 0849 | ba00 0000 | 8849 0200 | 0049 03fa | 483b bbb0 
  0x00000249ef5ae6fc: 0100 0075 | 0d48 8383 | b801 0000 | 01e9 6000 | 0000 483b | bbc0 0100 | 0075 0d48 | 8383 c801 
  0x00000249ef5ae71c: 0000 01e9 | 4a00 0000 | 4883 bbb0 | 0100 0000 | 7517 4889 | bbb0 0100 | 0048 c783 | b801 0000 
  0x00000249ef5ae73c: 0100 0000 | e929 0000 | 0048 83bb | c001 0000 | 0075 1748 | 89bb c001 | 0000 48c7 | 83c8 0100 
  0x00000249ef5ae75c: 0001 0000 | 00e9 0800 | 0000 4883 | 83a0 0100 | 0001 488b | d60f 1f40 | 0048 b888 | 7b00 8949 
  0x00000249ef5ae77c: ;   {virtual_call}
  0x00000249ef5ae77c: 0200 00e8 

  0x00000249ef5ae780: ; ImmutableOopMap {[64]=Oop [72]=Oop [104]=Oop }
                      ;*invokevirtual clear {reexecute=0 rethrow=0 return_oop=0}
                      ; - com.badlogic.gdx.backends.lwjgl3.Lwjgl3Window::update@33 (line 370)
  0x00000249ef5ae780: 1c6b 8f07 

  0x00000249ef5ae784: ;   {other}
  0x00000249ef5ae784: 0f1f 8400 | 7406 0002 | 488d 4424 | 6048 8b10 | 4885 d20f | 840f 0000 | 0048 8b70 | 08f0 480f 
  0x00000249ef5ae7a4: b116 0f85 | 000c 0000 | 49ff 8f48 

  0x00000249ef5ae7b0: ;   {metadata(method data for {method} {0x00000249c9585648} 'update' '()Z' in 'com/badlogic/gdx/backends/lwjgl3/Lwjgl3Window')}
  0x00000249ef5ae7b0: 0500 0048 | ba20 b8a4 | c949 0200 | 00ff 82d8 | 0100 0048 | 8b54 2440 | 8b72 3448 | c1e6 0348 
  0x00000249ef5ae7d0: 3b06 488b 

  0x00000249ef5ae7d4: ;   {metadata(method data for {method} {0x00000249c9585648} 'update' '()Z' in 'com/badlogic/gdx/backends/lwjgl3/Lwjgl3Window')}
  0x00000249ef5ae7d4: fe48 bb20 | b8a4 c949 | 0200 008b | 7f08 49ba | 0000 0088 | 4902 0000 | 4903 fa48 | 3bbb 0002 
  0x00000249ef5ae7f4: 0000 750d | 4883 8308 | 0200 0001 | e960 0000 | 0048 3bbb | 1002 0000 | 750d 4883 | 8318 0200 
  0x00000249ef5ae814: 0001 e94a | 0000 0048 | 83bb 0002 | 0000 0075 | 1748 89bb | 0002 0000 | 48c7 8308 | 0200 0001 
  0x00000249ef5ae834: 0000 00e9 | 2900 0000 | 4883 bb10 | 0200 0000 | 7517 4889 | bb10 0200 | 0048 c783 | 1802 0000 
  0x00000249ef5ae854: 0100 0000 | e908 0000 | 0048 8383 | f001 0000 | 0148 8bd6 | 0f1f 8000 

  0x00000249ef5ae86c: ;   {optimized virtual_call}
  0x00000249ef5ae86c: 0000 00e8 

  0x00000249ef5ae870: ; ImmutableOopMap {[64]=Oop }
                      ;*invokevirtual iterator {reexecute=0 rethrow=0 return_oop=0}
                      ; - com.badlogic.gdx.backends.lwjgl3.Lwjgl3Window::update@50 (line 372)
  0x00000249ef5ae870: 0c48 8a07 

  0x00000249ef5ae874: ;   {other}
  0x00000249ef5ae874: 0f1f 8400 | 6407 0003 | 4889 4424 | 50e9 3c02 | 0000 6690 | 488b 4424 

  0x00000249ef5ae88c: ;   {metadata(method data for {method} {0x00000249c9585648} 'update' '()Z' in 'com/badlogic/gdx/backends/lwjgl3/Lwjgl3Window')}
  0x00000249ef5ae88c: 5048 ba20 | b8a4 c949 

  0x00000249ef5ae894: ;   {metadata('com/badlogic/gdx/utils/Array$ArrayIterator')}
  0x00000249ef5ae894: 0200 0049 | ba28 5703 | 8949 0200 | 004c 8992 | 9002 0000 | 4883 8298 | 0200 0001 | 488b 5424 
  0x00000249ef5ae8b4: ;   {optimized virtual_call}
  0x00000249ef5ae8b4: 5066 90e8 

  0x00000249ef5ae8b8: ; ImmutableOopMap {[64]=Oop [80]=Oop }
                      ;*invokeinterface next {reexecute=0 rethrow=0 return_oop=0}
                      ; - com.badlogic.gdx.backends.lwjgl3.Lwjgl3Window::update@64 (line 372)
  0x00000249ef5ae8b8: c401 0c07 

  0x00000249ef5ae8bc: ;   {other}
  0x00000249ef5ae8bc: 0f1f 8400 | ac07 0004 | 4885 c075 

  0x00000249ef5ae8c8: ;   {metadata(method data for {method} {0x00000249c9585648} 'update' '()Z' in 'com/badlogic/gdx/backends/lwjgl3/Lwjgl3Window')}
  0x00000249ef5ae8c8: 1648 bf20 | b8a4 c949 | 0200 0080 | 8fb1 0200 | 0001 e9e7 

  0x00000249ef5ae8dc: ;   {metadata('java/lang/Runnable')}
  0x00000249ef5ae8dc: 0000 0048 | bbd0 7c01 | 8849 0200 | 008b 7808 | 49ba 0000 | 0088 4902 | 0000 4903 | fa48 3b5f 
  0x00000249ef5ae8fc: 200f 841a | 0000 0048 | 3bfb 0f84 | 1100 0000 

  0x00000249ef5ae90c: ;   {runtime_call slow_subtype_check Runtime1 stub}
  0x00000249ef5ae90c: 5753 e86d | 9318 075f | 5f85 ff0f | 848d 0000 

  0x00000249ef5ae91c: ;   {metadata(method data for {method} {0x00000249c9585648} 'update' '()Z' in 'com/badlogic/gdx/backends/lwjgl3/Lwjgl3Window')}
  0x00000249ef5ae91c: 0048 bf20 | b8a4 c949 | 0200 008b | 5808 49ba | 0000 0088 | 4902 0000 | 4903 da48 | 3b9f c802 
  0x00000249ef5ae93c: 0000 750d | 4883 87d0 | 0200 0001 | e979 0000 | 0048 3b9f | d802 0000 | 750d 4883 | 87e0 0200 
  0x00000249ef5ae95c: 0001 e963 | 0000 0048 | 83bf c802 | 0000 0075 | 1748 899f | c802 0000 | 48c7 87d0 | 0200 0001 
  0x00000249ef5ae97c: 0000 00e9 | 4200 0000 | 4883 bfd8 | 0200 0000 | 7517 4889 | 9fd8 0200 | 0048 c787 | e002 0000 
  0x00000249ef5ae99c: 0100 0000 | e921 0000 | 00e9 1c00 

  0x00000249ef5ae9a8: ;   {metadata(method data for {method} {0x00000249c9585648} 'update' '()Z' in 'com/badlogic/gdx/backends/lwjgl3/Lwjgl3Window')}
  0x00000249ef5ae9a8: 0000 48bf | 20b8 a4c9 | 4902 0000 | 4883 afb8 | 0200 0001 | e903 0a00 | 00e9 0000 | 0000 488b 
  0x00000249ef5ae9c8: d048 3b02 

  0x00000249ef5ae9cc: ;   {metadata(method data for {method} {0x00000249c9585648} 'update' '()Z' in 'com/badlogic/gdx/backends/lwjgl3/Lwjgl3Window')}
  0x00000249ef5ae9cc: 488b f248 | bf20 b8a4 | c949 0200 | 008b 7608 | 49ba 0000 | 0088 4902 | 0000 4903 | f248 3bb7 
  0x00000249ef5ae9ec: 0003 0000 | 750d 4883 | 8708 0300 | 0001 e960 | 0000 0048 | 3bb7 1003 | 0000 750d | 4883 8718 
  0x00000249ef5aea0c: 0300 0001 | e94a 0000 | 0048 83bf | 0003 0000 | 0075 1748 | 89b7 0003 | 0000 48c7 | 8708 0300 
  0x00000249ef5aea2c: 0001 0000 | 00e9 2900 | 0000 4883 | bf10 0300 | 0000 7517 | 4889 b710 | 0300 0048 | c787 1803 
  0x00000249ef5aea4c: 0000 0100 | 0000 e908 | 0000 0048 | 8387 f002 | 0000 0166 | 0f1f 4400 | 0048 b8ff | ffff ffff 
  0x00000249ef5aea6c: ;   {virtual_call}
  0x00000249ef5aea6c: ffff ffe8 

  0x00000249ef5aea70: ; ImmutableOopMap {[64]=Oop [80]=Oop }
                      ;*invokeinterface run {reexecute=0 rethrow=0 return_oop=0}
                      ; - com.badlogic.gdx.backends.lwjgl3.Lwjgl3Window::update@74 (line 373)
  0x00000249ef5aea70: 0c03 0c07 

  0x00000249ef5aea74: ;   {other}
  0x00000249ef5aea74: 0f1f 8400 | 6409 0005 

  0x00000249ef5aea7c: ;   {metadata(method data for {method} {0x00000249c9585648} 'update' '()Z' in 'com/badlogic/gdx/backends/lwjgl3/Lwjgl3Window')}
  0x00000249ef5aea7c: 48ba 20b8 | a4c9 4902 | 0000 8bb2 | d000 0000 | 83c6 0289 | b2d0 0000 | 0081 e6fe | 3f00 0085 
  0x00000249ef5aea9c: f60f 842f | 0900 004d | 8b97 5004 

  0x00000249ef5aeaa8: ; ImmutableOopMap {[64]=Oop [80]=Oop }
                      ;*goto {reexecute=1 rethrow=0 return_oop=0}
                      ; - (reexecute) com.badlogic.gdx.backends.lwjgl3.Lwjgl3Window::update@79 (line 374)
                      ;   {poll}
  0x00000249ef5aeaa8: 0000 4185 

  0x00000249ef5aeaac: ;   {metadata(method data for {method} {0x00000249c9585648} 'update' '()Z' in 'com/badlogic/gdx/backends/lwjgl3/Lwjgl3Window')}
  0x00000249ef5aeaac: 0248 ba20 | b8a4 c949 | 0200 00ff | 8228 0300 | 0048 8b44 | 2450 483b | 0048 8bd0 

  0x00000249ef5aeac8: ;   {metadata(method data for {method} {0x00000249c9585648} 'update' '()Z' in 'com/badlogic/gdx/backends/lwjgl3/Lwjgl3Window')}
  0x00000249ef5aeac8: 48be 20b8 | a4c9 4902 

  0x00000249ef5aead0: ;   {metadata('com/badlogic/gdx/utils/Array$ArrayIterator')}
  0x00000249ef5aead0: 0000 49ba | 2857 0389 | 4902 0000 | 4c89 9638 | 0200 0048 | 8386 4002 | 0000 0148 

  0x00000249ef5aeaec: ;   {optimized virtual_call}
  0x00000249ef5aeaec: 8bd0 90e8 

  0x00000249ef5aeaf0: ; ImmutableOopMap {[64]=Oop [80]=Oop }
                      ;*invokeinterface hasNext {reexecute=0 rethrow=0 return_oop=0}
                      ; - com.badlogic.gdx.backends.lwjgl3.Lwjgl3Window::update@55 (line 372)
  0x00000249ef5aeaf0: cc78 8707 

  0x00000249ef5aeaf4: ;   {other}
  0x00000249ef5aeaf4: 0f1f 8400 | e409 0007 

  0x00000249ef5aeafc: ;   {metadata(method data for {method} {0x00000249c9585648} 'update' '()Z' in 'com/badlogic/gdx/backends/lwjgl3/Lwjgl3Window')}
  0x00000249ef5aeafc: 85c0 48ba | 20b8 a4c9 | 4902 0000 | 48be 7002 | 0000 0000 | 0000 750a | 48be 6002 | 0000 0000 
  0x00000249ef5aeb1c: 0000 488b | 3c32 488d | 7f01 4889 | 3c32 0f85 | 58fd ffff | 488b 5424 | 408b 7234 | 48c1 e603 
  0x00000249ef5aeb3c: ; implicit exception: dispatches to 0x00000249ef5af3f8
  0x00000249ef5aeb3c: 8b76 0c85 

  0x00000249ef5aeb40: ;   {metadata(method data for {method} {0x00000249c9585648} 'update' '()Z' in 'com/badlogic/gdx/backends/lwjgl3/Lwjgl3Window')}
  0x00000249ef5aeb40: f648 be20 | b8a4 c949 | 0200 0048 | bf40 0300 | 0000 0000 | 007f 0a48 | bf50 0300 | 0000 0000 
  0x00000249ef5aeb60: 0048 8b1c | 3e48 8d5b | 0148 891c | 3e0f 8f6b | 0000 008b | 7224 48c1 | e603 483b | 0648 8bfe 
  0x00000249ef5aeb80: ;   {metadata(method data for {method} {0x00000249c9585648} 'update' '()Z' in 'com/badlogic/gdx/backends/lwjgl3/Lwjgl3Window')}
  0x00000249ef5aeb80: 48bb 20b8 | a4c9 4902 

  0x00000249ef5aeb88: ;   {metadata('com/badlogic/gdx/backends/lwjgl3/Lwjgl3Graphics')}
  0x00000249ef5aeb88: 0000 49ba | d02e 0389 | 4902 0000 | 4c89 9370 | 0300 0048 | 8383 7803 | 0000 010f | be76 5083 
  0x00000249ef5aeba8: e601 85f6 

  0x00000249ef5aebac: ;   {metadata(method data for {method} {0x00000249c9585648} 'update' '()Z' in 'com/badlogic/gdx/backends/lwjgl3/Lwjgl3Window')}
  0x00000249ef5aebac: 48be 20b8 | a4c9 4902 | 0000 48bf | 9803 0000 | 0000 0000 | 740a 48bf | a803 0000 | 0000 0000 
  0x00000249ef5aebcc: 488b 1c3e | 488d 5b01 | 4889 1c3e | 0f84 1a00 

  0x00000249ef5aebdc: ;   {metadata(method data for {method} {0x00000249c9585648} 'update' '()Z' in 'com/badlogic/gdx/backends/lwjgl3/Lwjgl3Window')}
  0x00000249ef5aebdc: 0000 48be | 20b8 a4c9 | 4902 0000 | ff86 b803 | 0000 be01 | 0000 00e9 | 0500 0000 | be00 0000 
  0x00000249ef5aebfc: 0089 7424 | 588b 7a34 | 48c1 e703 

  0x00000249ef5aec08: ; implicit exception: dispatches to 0x00000249ef5af402
  0x00000249ef5aec08: 483b 0748 

  0x00000249ef5aec0c: ;   {metadata(method data for {method} {0x00000249c9585648} 'update' '()Z' in 'com/badlogic/gdx/backends/lwjgl3/Lwjgl3Window')}
  0x00000249ef5aec0c: 8bdf 48b8 | 20b8 a4c9 | 4902 0000 | 8b5b 0849 | ba00 0000 | 8849 0200 | 0049 03da | 483b 98e0 
  0x00000249ef5aec2c: 0300 0075 | 0d48 8380 | e803 0000 | 01e9 6000 | 0000 483b | 98f0 0300 | 0075 0d48 | 8380 f803 
  0x00000249ef5aec4c: 0000 01e9 | 4a00 0000 | 4883 b8e0 | 0300 0000 | 7517 4889 | 98e0 0300 | 0048 c780 | e803 0000 
  0x00000249ef5aec6c: 0100 0000 | e929 0000 | 0048 83b8 | f003 0000 | 0075 1748 | 8998 f003 | 0000 48c7 | 80f8 0300 
  0x00000249ef5aec8c: 0001 0000 | 00e9 0800 | 0000 4883 | 80d0 0300 | 0001 488b | d70f 1f40 | 0048 b888 | 7b00 8949 
  0x00000249ef5aecac: ;   {virtual_call}
  0x00000249ef5aecac: 0200 00e8 

  0x00000249ef5aecb0: ; ImmutableOopMap {[64]=Oop }
                      ;*invokevirtual clear {reexecute=0 rethrow=0 return_oop=0}
                      ; - com.badlogic.gdx.backends.lwjgl3.Lwjgl3Window::update@112 (line 376)
  0x00000249ef5aecb0: ec65 8f07 

  0x00000249ef5aecb4: ;   {other}
  0x00000249ef5aecb4: 0f1f 8400 | a40b 0008 | 488b 5424 | 4044 0fbe | 420d 4585 

  0x00000249ef5aecc8: ;   {metadata(method data for {method} {0x00000249c9585648} 'update' '()Z' in 'com/badlogic/gdx/backends/lwjgl3/Lwjgl3Window')}
  0x00000249ef5aecc8: c049 b820 | b8a4 c949 | 0200 0048 | be08 0400 | 0000 0000 | 0075 0a48 | be18 0400 | 0000 0000 
  0x00000249ef5aece8: 0049 8b3c | 3048 8d7f | 0149 893c | 300f 85de | 0000 0044 | 8b42 2849 | c1e0 034d | 85c0 0f84 
  0x00000249ef5aed08: 2a00 0000 

  0x00000249ef5aed0c: ;   {metadata('com/badlogic/gdx/backends/lwjgl3/DefaultLwjgl3Input')}
  0x00000249ef5aed0c: 48b8 00d0 | 0289 4902 | 0000 418b | 5808 49ba | 0000 0088 | 4902 0000 | 4903 da48 | 3b43 400f 
  0x00000249ef5aed2c: 85d6 0600 | 00e9 0000 | 0000 498b | f049 3b00 

  0x00000249ef5aed3c: ;   {metadata(method data for {method} {0x00000249c9585648} 'update' '()Z' in 'com/badlogic/gdx/backends/lwjgl3/Lwjgl3Window')}
  0x00000249ef5aed3c: 498b f048 | bf20 b8a4 | c949 0200 

  0x00000249ef5aed48: ;   {metadata('com/badlogic/gdx/backends/lwjgl3/DefaultLwjgl3Input')}
  0x00000249ef5aed48: 0049 ba00 | d002 8949 | 0200 004c | 8997 3804 | 0000 4883 | 8740 0400 

  0x00000249ef5aed60: ;   {metadata(method data for {method} {0x00000249c9663010} 'update' '()V' in 'com/badlogic/gdx/backends/lwjgl3/DefaultLwjgl3Input')}
  0x00000249ef5aed60: 0001 48be | 70be a4c9 | 4902 0000 | 8bbe cc00 | 0000 83c7 | 0289 becc | 0000 0081 | e7fe ff1f 
  0x00000249ef5aed80: 0085 ff0f | 8488 0600 | 0041 8b70 | 3c48 c1e6 | 0345 8b40 | 3849 c1e0 | 0348 3b06 

  0x00000249ef5aed9c: ;   {metadata(method data for {method} {0x00000249c9663010} 'update' '()V' in 'com/badlogic/gdx/backends/lwjgl3/DefaultLwjgl3Input')}
  0x00000249ef5aed9c: 488b fe48 | bb70 bea4 | c949 0200 

  0x00000249ef5aeda8: ;   {metadata('com/badlogic/gdx/InputEventQueue')}
  0x00000249ef5aeda8: 0049 ba28 | 1903 8949 | 0200 004c | 8993 2001 | 0000 4883 | 8328 0100 | 0001 488b 

  0x00000249ef5aedc4: ;   {optimized virtual_call}
  0x00000249ef5aedc4: d666 90e8 

  0x00000249ef5aedc8: ; ImmutableOopMap {[64]=Oop }
                      ;*invokevirtual drain {reexecute=0 rethrow=0 return_oop=0}
                      ; - com.badlogic.gdx.backends.lwjgl3.DefaultLwjgl3Input::update@8 (line 189)
                      ; - com.badlogic.gdx.backends.lwjgl3.Lwjgl3Window::update@126 (line 378)
  0x00000249ef5aedc8: 743d ffff 

  0x00000249ef5aedcc: ;   {other}
  0x00000249ef5aedcc: 0f1f 8400 | bc0c 0009 | 488b 5424 | 4048 8d74 | 2460 4889 | 5608 488b | 0248 83c8 | 0148 8906 
  0x00000249ef5aedec: f048 0fb1 | 320f 8412 | 0000 0048 | 2bc4 4825 | 07f0 ffff | 4889 060f | 852e 0600 | 0049 ff87 
  0x00000249ef5aee0c: 4805 0000 | 0fbe 420f 

  0x00000249ef5aee14: ;   {metadata(method data for {method} {0x00000249c9585648} 'update' '()Z' in 'com/badlogic/gdx/backends/lwjgl3/Lwjgl3Window')}
  0x00000249ef5aee14: 85c0 48b8 | 20b8 a4c9 | 4902 0000 | 48be 6004 | 0000 0000 | 0000 740a | 48be 7004 | 0000 0000 
  0x00000249ef5aee34: 0000 488b | 3c30 488d | 7f01 4889 | 3c30 0f84 | 3800 0000 | 0fbe 420d 

  0x00000249ef5aee4c: ;   {metadata(method data for {method} {0x00000249c9585648} 'update' '()Z' in 'com/badlogic/gdx/backends/lwjgl3/Lwjgl3Window')}
  0x00000249ef5aee4c: 85c0 48b8 | 20b8 a4c9 | 4902 0000 | 48be 9004 | 0000 0000 | 0000 740a | 48be 8004 | 0000 0000 
  0x00000249ef5aee6c: 0000 488b | 3c30 488d | 7f01 4889 | 3c30 0f84 | 0a00 0000 | b800 0000 | 00e9 1500 

  0x00000249ef5aee88: ;   {metadata(method data for {method} {0x00000249c9585648} 'update' '()Z' in 'com/badlogic/gdx/backends/lwjgl3/Lwjgl3Window')}
  0x00000249ef5aee88: 0000 48b8 | 20b8 a4c9 | 4902 0000 | ff80 a004 | 0000 b801 | 0000 008b | 7424 5848 | 0bc6 c642 
  0x00000249ef5aeea8: 0f00 488b | f048 8d44 | 2460 488b | 3848 85ff | 0f84 0f00 | 0000 488b | 5808 f048 | 0fb1 3b0f 
  0x00000249ef5aeec8: 857d 0500 | 0049 ff8f | 4805 0000 

  0x00000249ef5aeed4: ;   {metadata(method data for {method} {0x00000249c9585648} 'update' '()Z' in 'com/badlogic/gdx/backends/lwjgl3/Lwjgl3Window')}
  0x00000249ef5aeed4: 48bf 20b8 | a4c9 4902 | 0000 ff87 | b804 0000 

  0x00000249ef5aeee4: ;   {metadata(method data for {method} {0x00000249c9585648} 'update' '()Z' in 'com/badlogic/gdx/backends/lwjgl3/Lwjgl3Window')}
  0x00000249ef5aeee4: 85f6 48bf | 20b8 a4c9 | 4902 0000 | 48bb d004 | 0000 0000 | 0000 740a | 48bb e004 | 0000 0000 
  0x00000249ef5aef04: 0000 488b | 041f 488d | 4001 4889 | 041f 8974 | 245c 0f84 | c502 0000 | 8b72 2448 | c1e6 0348 
  0x00000249ef5aef24: 3b06 488b 

  0x00000249ef5aef28: ;   {metadata(method data for {method} {0x00000249c9585648} 'update' '()Z' in 'com/badlogic/gdx/backends/lwjgl3/Lwjgl3Window')}
  0x00000249ef5aef28: fe48 bb20 | b8a4 c949 

  0x00000249ef5aef30: ;   {metadata('com/badlogic/gdx/backends/lwjgl3/Lwjgl3Graphics')}
  0x00000249ef5aef30: 0200 0049 | bad0 2e03 | 8949 0200 | 004c 8993 | 0005 0000 | 4883 8308 | 0500 0001 

  0x00000249ef5aef4c: ;   {optimized virtual_call}
  0x00000249ef5aef4c: 488b d6e8 

  0x00000249ef5aef50: ; ImmutableOopMap {[64]=Oop }
                      ;*invokevirtual update {reexecute=0 rethrow=0 return_oop=0}
                      ; - com.badlogic.gdx.backends.lwjgl3.Lwjgl3Window::update@180 (line 386)
  0x00000249ef5aef50: acee ffff 

  0x00000249ef5aef54: ;   {other}
  0x00000249ef5aef54: 0f1f 8400 | 440e 000a | 488b 5424 | 408b 7218 | 48c1 e603 | 4885 f60f | 8429 0000 

  0x00000249ef5aef70: ;   {metadata('com/badlogic/gdx/Game')}
  0x00000249ef5aef70: 0048 b950 | 5800 8949 | 0200 008b | 4608 49ba | 0000 0088 | 4902 0000 | 4903 c248 | 3b48 380f 
  0x00000249ef5aef90: 85cd 0400 | 00e9 0000 | 0000 488b | fe48 3b06 

  0x00000249ef5aefa0: ;   {metadata(method data for {method} {0x00000249c9585648} 'update' '()Z' in 'com/badlogic/gdx/backends/lwjgl3/Lwjgl3Window')}
  0x00000249ef5aefa0: 488b fe48 | bb20 b8a4 | c949 0200 | 008b 7f08 | 49ba 0000 | 0088 4902 | 0000 4903 | fa48 3bbb 
  0x00000249ef5aefc0: 3805 0000 | 750d 4883 | 8340 0500 | 0001 e960 | 0000 0048 | 3bbb 4805 | 0000 750d | 4883 8350 
  0x00000249ef5aefe0: 0500 0001 | e94a 0000 | 0048 83bb | 3805 0000 | 0075 1748 | 89bb 3805 | 0000 48c7 | 8340 0500 
  0x00000249ef5af000: 0001 0000 | 00e9 2900 | 0000 4883 | bb48 0500 | 0000 7517 | 4889 bb48 | 0500 0048 | c783 5005 
  0x00000249ef5af020: 0000 0100 | 0000 e908 | 0000 0048 | 8383 2805 

  0x00000249ef5af030: ;   {metadata(method data for {method} {0x00000249c94255f0} 'render' '()V' in 'com/badlogic/gdx/Game')}
  0x00000249ef5af030: 0000 0148 | bfe0 6ca4 | c949 0200 | 008b 9fcc | 0000 0083 | c302 899f | cc00 0000 | 81e3 feff 
  0x00000249ef5af050: 1f00 85db | 0f84 1204 | 0000 8b76 | 0c48 c1e6 | 0348 85f6 

  0x00000249ef5af064: ;   {metadata(method data for {method} {0x00000249c94255f0} 'render' '()V' in 'com/badlogic/gdx/Game')}
  0x00000249ef5af064: 48bf e06c | a4c9 4902 | 0000 48bb | 1001 0000 | 0000 0000 | 740a 48bb | 2001 0000 | 0000 0000 
  0x00000249ef5af084: 488b 041f | 488d 4001 | 4889 041f | 0f84 1601 

  0x00000249ef5af094: ;   {oop(a 'java/lang/Class'{0x0000000715c6b210} = 'com/badlogic/gdx/Gdx')}
  0x00000249ef5af094: 0000 48bf | 10b2 c615 | 0700 0000 | 8b7f 7448 | c1e7 0348 | 85ff 0f84 | 2900 0000 

  0x00000249ef5af0b0: ;   {metadata('com/badlogic/gdx/backends/lwjgl3/Lwjgl3Graphics')}
  0x00000249ef5af0b0: 49b8 d02e | 0389 4902 | 0000 8b4f | 0849 ba00 | 0000 8849 | 0200 0049 | 03ca 4c3b | 4140 0f85 
  0x00000249ef5af0d0: b903 0000 | e900 0000 | 0048 8bdf 

  0x00000249ef5af0dc: ; implicit exception: dispatches to 0x00000249ef5af492
  0x00000249ef5af0dc: 483b 0748 

  0x00000249ef5af0e0: ;   {metadata(method data for {method} {0x00000249c94255f0} 'render' '()V' in 'com/badlogic/gdx/Game')}
  0x00000249ef5af0e0: 8bdf 48b8 | e06c a4c9 | 4902 0000 | 4883 8048 | 0100 0001 | c5fa 1047 | 3448 3b06 

  0x00000249ef5af0fc: ;   {metadata(method data for {method} {0x00000249c94255f0} 'render' '()V' in 'com/badlogic/gdx/Game')}
  0x00000249ef5af0fc: 488b fe48 | bbe0 6ca4 | c949 0200 | 008b 7f08 | 49ba 0000 | 0088 4902 | 0000 4903 | fa48 3bbb 
  0x00000249ef5af11c: 7801 0000 | 750d 4883 | 8380 0100 | 0001 e960 | 0000 0048 | 3bbb 8801 | 0000 750d | 4883 8390 
  0x00000249ef5af13c: 0100 0001 | e94a 0000 | 0048 83bb | 7801 0000 | 0075 1748 | 89bb 7801 | 0000 48c7 | 8380 0100 
  0x00000249ef5af15c: 0001 0000 | 00e9 2900 | 0000 4883 | bb88 0100 | 0000 7517 | 4889 bb88 | 0100 0048 | c783 9001 
  0x00000249ef5af17c: 0000 0100 | 0000 e908 | 0000 0048 | 8383 6801 | 0000 0148 | 8bd6 6666 | 9048 b878 | e20b 8949 
  0x00000249ef5af19c: ;   {virtual_call}
  0x00000249ef5af19c: 0200 00e8 

  0x00000249ef5af1a0: ; ImmutableOopMap {[64]=Oop }
                      ;*invokeinterface render {reexecute=0 rethrow=0 return_oop=0}
                      ; - com.badlogic.gdx.Game::render@19 (line 48)
                      ; - com.badlogic.gdx.backends.lwjgl3.Lwjgl3Window::update@187 (line 387)
  0x00000249ef5af1a0: 5c45 0000 

  0x00000249ef5af1a4: ;   {other}
  0x00000249ef5af1a4: 0f1f 8400 | 9410 000b | 488b 5424 | 4048 8b72 

  0x00000249ef5af1b4: ;   {metadata(method data for {method} {0x00000249c9585648} 'update' '()Z' in 'com/badlogic/gdx/backends/lwjgl3/Lwjgl3Window')}
  0x00000249ef5af1b4: 1048 bf20 | b8a4 c949 | 0200 0048 | 8387 6005 | 0000 0148 | 8bd6 0f1f 

  0x00000249ef5af1cc: ;   {static_call}
  0x00000249ef5af1cc: 4400 00e8 

  0x00000249ef5af1d0: ; ImmutableOopMap {[64]=Oop }
                      ;*invokestatic glfwSwapBuffers {reexecute=0 rethrow=0 return_oop=0}
                      ; - com.badlogic.gdx.backends.lwjgl3.Lwjgl3Window::update@196 (line 388)
  0x00000249ef5af1d0: 8c2e ffff 

  0x00000249ef5af1d4: ;   {other}
  0x00000249ef5af1d4: 0f1f 8400 | c410 000c | 488b 5424 | 400f be72 

  0x00000249ef5af1e4: ;   {metadata(method data for {method} {0x00000249c9585648} 'update' '()Z' in 'com/badlogic/gdx/backends/lwjgl3/Lwjgl3Window')}
  0x00000249ef5af1e4: 0d85 f648 | be20 b8a4 | c949 0200 | 0048 bf70 | 0500 0000 | 0000 0075 | 0a48 bf80 | 0500 0000 
  0x00000249ef5af204: 0000 0048 | 8b1c 3e48 | 8d5b 0148 | 891c 3e0f | 8573 0000 | 008b 5228 | 48c1 e203 | 4885 d20f 
  0x00000249ef5af224: 8429 0000 

  0x00000249ef5af228: ;   {metadata('com/badlogic/gdx/backends/lwjgl3/DefaultLwjgl3Input')}
  0x00000249ef5af228: 0048 b800 | d002 8949 | 0200 008b | 5a08 49ba | 0000 0088 | 4902 0000 | 4903 da48 | 3b43 400f 
  0x00000249ef5af248: 854f 0200 | 00e9 0000 | 0000 488b | f248 3b02 

  0x00000249ef5af258: ;   {metadata(method data for {method} {0x00000249c9585648} 'update' '()Z' in 'com/badlogic/gdx/backends/lwjgl3/Lwjgl3Window')}
  0x00000249ef5af258: 488b f248 | bf20 b8a4 | c949 0200 

  0x00000249ef5af264: ;   {metadata('com/badlogic/gdx/backends/lwjgl3/DefaultLwjgl3Input')}
  0x00000249ef5af264: 0049 ba00 | d002 8949 | 0200 004c | 8997 a005 | 0000 4883 | 87a8 0500 

  0x00000249ef5af27c: ;   {optimized virtual_call}
  0x00000249ef5af27c: 0001 90e8 

  0x00000249ef5af280: ; ImmutableOopMap {}
                      ;*invokeinterface prepareNext {reexecute=0 rethrow=0 return_oop=0}
                      ; - com.badlogic.gdx.backends.lwjgl3.Lwjgl3Window::update@210 (line 391)
  0x00000249ef5af280: 5cb5 0000 

  0x00000249ef5af284: ;   {other}
  0x00000249ef5af284: 0f1f 8400 | 7411 000d | 8b44 245c | 83e0 0148 | 81c4 8000 

  0x00000249ef5af298: ;   {poll_return}
  0x00000249ef5af298: 0000 5d49 | 3ba7 4804 | 0000 0f87 | fe01 0000 | c349 8b87 | f804 0000 | 4d33 d24d | 8997 f804 
  0x00000249ef5af2b8: 0000 4d33 | d24d 8997 | 0005 0000 | 488b f048 | 8d44 2460 | 488b 3848 | 85ff 0f84 | 0f00 0000 
  0x00000249ef5af2d8: 488b 5808 | f048 0fb1 | 3b0f 85d5 | 0100 0049 | ff8f 4805 | 0000 488b | c6e9 0902 | 0000 498b 
  0x00000249ef5af2f8: 87f8 0400 | 004d 33d2 | 4d89 97f8 | 0400 004d | 33d2 4d89 | 9700 0500 | 0048 8bf0 | 488d 4424 
  0x00000249ef5af318: 6048 8b38 | 4885 ff0f | 840f 0000 | 0048 8b58 | 08f0 480f | b13b 0f85 | 9b01 0000 | 49ff 8f48 
  0x00000249ef5af338: 0500 0048 | 8bc6 e9bc 

  0x00000249ef5af340: ;   {metadata({method} {0x00000249c9585648} 'update' '()Z' in 'com/badlogic/gdx/backends/lwjgl3/Lwjgl3Window')}
  0x00000249ef5af340: 0100 0049 | ba40 5658 | c949 0200 | 004c 8954 | 2408 48c7 | 0424 ffff 

  0x00000249ef5af358: ;   {runtime_call counter_overflow Runtime1 stub}
  0x00000249ef5af358: ffff e8a1 

  0x00000249ef5af35c: ; ImmutableOopMap {rdx=Oop [64]=Oop }
                      ;*synchronization entry
                      ; - com.badlogic.gdx.backends.lwjgl3.Lwjgl3Window::update@-1 (line 365)
  0x00000249ef5af35c: c318 07e9 | 27f1 ffff 

  0x00000249ef5af364: ;   {runtime_call throw_null_pointer_exception Runtime1 stub}
  0x00000249ef5af364: e897 3018 

  0x00000249ef5af368: ; ImmutableOopMap {rdx=Oop rsi=Oop [64]=Oop }
                      ;*monitorenter {reexecute=0 rethrow=0 return_oop=0}
                      ; - com.badlogic.gdx.backends.lwjgl3.Lwjgl3Window::update@17 (line 368)
  0x00000249ef5af368: 0748 8974 | 2408 4c89 

  0x00000249ef5af370: ;   {runtime_call monitorenter Runtime1 stub}
  0x00000249ef5af370: 0424 e809 

  0x00000249ef5af374: ; ImmutableOopMap {rdx=Oop rsi=Oop [64]=Oop [104]=Oop }
                      ;*monitorenter {reexecute=0 rethrow=0 return_oop=0}
                      ; - com.badlogic.gdx.backends.lwjgl3.Lwjgl3Window::update@17 (line 368)
  0x00000249ef5af374: 8c18 07e9 | c3f1 ffff 

  0x00000249ef5af37c: ;   {runtime_call throw_null_pointer_exception Runtime1 stub}
  0x00000249ef5af37c: e87f 3018 

  0x00000249ef5af380: ; ImmutableOopMap {rdx=Oop rbx=Oop r8=Oop [64]=Oop [72]=Oop [104]=Oop }
                      ;*invokevirtual addAll {reexecute=0 rethrow=0 return_oop=0}
                      ; - com.badlogic.gdx.backends.lwjgl3.Lwjgl3Window::update@26 (line 369)
                      ;   {metadata({method} {0x00000249c9437f60} 'addAll' '(Lcom/badlogic/gdx/utils/Array;)V' in 'com/badlogic/gdx/utils/Array')}
  0x00000249ef5af380: 0749 ba58 | 7f43 c949 | 0200 004c | 8954 2408 | 48c7 0424 | ffff ffff 

  0x00000249ef5af398: ;   {runtime_call counter_overflow Runtime1 stub}
  0x00000249ef5af398: e863 c318 

  0x00000249ef5af39c: ; ImmutableOopMap {rdx=Oop rbx=Oop r8=Oop [64]=Oop [72]=Oop [104]=Oop }
                      ;*synchronization entry
                      ; - com.badlogic.gdx.utils.Array::addAll@-1 (line 133)
                      ; - com.badlogic.gdx.backends.lwjgl3.Lwjgl3Window::update@26 (line 369)
  0x00000249ef5af39c: 07e9 71f2 

  0x00000249ef5af3a0: ;   {runtime_call throw_null_pointer_exception Runtime1 stub}
  0x00000249ef5af3a0: ffff e859 

  0x00000249ef5af3a4: ; ImmutableOopMap {rdx=Oop rbx=Oop r8=Oop [64]=Oop [72]=Oop [104]=Oop }
                      ;*getfield items {reexecute=1 rethrow=0 return_oop=0}
                      ; - (reexecute) com.badlogic.gdx.utils.Array::addAll@2 (line 133)
                      ; - com.badlogic.gdx.backends.lwjgl3.Lwjgl3Window::update@26 (line 369)
                      ;   {runtime_call throw_null_pointer_exception Runtime1 stub}
  0x00000249ef5af3a4: 3018 07e8 

  0x00000249ef5af3a8: ; ImmutableOopMap {rdx=Oop rsi=Oop [64]=Oop [72]=Oop [104]=Oop }
                      ;*invokevirtual clear {reexecute=0 rethrow=0 return_oop=0}
                      ; - com.badlogic.gdx.backends.lwjgl3.Lwjgl3Window::update@33 (line 370)
  0x00000249ef5af3a8: 5430 1807 | 488d 4424 | 6048 8904 

  0x00000249ef5af3b4: ;   {runtime_call monitorexit Runtime1 stub}
  0x00000249ef5af3b4: 24e8 4696 | 1807 e9f4 

  0x00000249ef5af3bc: ;   {runtime_call throw_null_pointer_exception Runtime1 stub}
  0x00000249ef5af3bc: f3ff ffe8 

  0x00000249ef5af3c0: ; ImmutableOopMap {rdx=Oop rsi=Oop [64]=Oop }
                      ;*invokevirtual iterator {reexecute=0 rethrow=0 return_oop=0}
                      ; - com.badlogic.gdx.backends.lwjgl3.Lwjgl3Window::update@50 (line 372)
  0x00000249ef5af3c0: 3c30 1807 | 4889 0424 

  0x00000249ef5af3c8: ;   {runtime_call throw_class_cast_exception Runtime1 stub}
  0x00000249ef5af3c8: e833 7e18 

  0x00000249ef5af3cc: ; ImmutableOopMap {[64]=Oop [80]=Oop }
                      ;*checkcast {reexecute=0 rethrow=0 return_oop=0}
                      ; - com.badlogic.gdx.backends.lwjgl3.Lwjgl3Window::update@69 (line 372)
                      ;   {runtime_call throw_null_pointer_exception Runtime1 stub}
  0x00000249ef5af3cc: 07e8 2e30 

  0x00000249ef5af3d0: ; ImmutableOopMap {rdx=Oop [64]=Oop [80]=Oop }
                      ;*invokeinterface run {reexecute=0 rethrow=0 return_oop=0}
                      ; - com.badlogic.gdx.backends.lwjgl3.Lwjgl3Window::update@74 (line 373)
                      ;   {metadata({method} {0x00000249c9585648} 'update' '()Z' in 'com/badlogic/gdx/backends/lwjgl3/Lwjgl3Window')}
  0x00000249ef5af3d0: 1807 49ba | 4056 58c9 | 4902 0000 | 4c89 5424 | 0848 c704 | 244f 0000 

  0x00000249ef5af3e8: ;   {runtime_call counter_overflow Runtime1 stub}
  0x00000249ef5af3e8: 00e8 12c3 

  0x00000249ef5af3ec: ; ImmutableOopMap {[64]=Oop [80]=Oop }
                      ;*goto {reexecute=1 rethrow=0 return_oop=0}
                      ; - (reexecute) com.badlogic.gdx.backends.lwjgl3.Lwjgl3Window::update@79 (line 374)
  0x00000249ef5af3ec: 1807 e9b0 

  0x00000249ef5af3f0: ;   {runtime_call throw_null_pointer_exception Runtime1 stub}
  0x00000249ef5af3f0: f6ff ffe8 

  0x00000249ef5af3f4: ; ImmutableOopMap {rax=Oop [64]=Oop [80]=Oop }
                      ;*invokeinterface hasNext {reexecute=0 rethrow=0 return_oop=0}
                      ; - com.badlogic.gdx.backends.lwjgl3.Lwjgl3Window::update@55 (line 372)
  0x00000249ef5af3f4: 0830 1807 

  0x00000249ef5af3f8: ;   {runtime_call throw_null_pointer_exception Runtime1 stub}
  0x00000249ef5af3f8: e803 3018 

  0x00000249ef5af3fc: ; ImmutableOopMap {rdx=Oop [64]=Oop }
                      ;*getfield size {reexecute=1 rethrow=0 return_oop=0}
                      ; - (reexecute) com.badlogic.gdx.backends.lwjgl3.Lwjgl3Window::update@86 (line 375)
                      ;   {runtime_call throw_null_pointer_exception Runtime1 stub}
  0x00000249ef5af3fc: 07e8 fe2f 

  0x00000249ef5af400: ; ImmutableOopMap {rdx=Oop rsi=Oop [64]=Oop }
                      ;*invokevirtual isContinuousRendering {reexecute=0 rethrow=0 return_oop=0}
                      ; - com.badlogic.gdx.backends.lwjgl3.Lwjgl3Window::update@96 (line 375)
                      ;   {runtime_call throw_null_pointer_exception Runtime1 stub}
  0x00000249ef5af400: 1807 e8f9 

  0x00000249ef5af404: ; ImmutableOopMap {rdx=Oop rdi=Oop [64]=Oop }
                      ;*invokevirtual clear {reexecute=0 rethrow=0 return_oop=0}
                      ; - com.badlogic.gdx.backends.lwjgl3.Lwjgl3Window::update@112 (line 376)
                      ;   {runtime_call throw_incompatible_class_change_error Runtime1 stub}
  0x00000249ef5af404: 2f18 07e8 

  0x00000249ef5af408: ; ImmutableOopMap {rdx=Oop r8=Oop [64]=Oop }
                      ;*invokeinterface update {reexecute=0 rethrow=0 return_oop=0}
                      ; - com.badlogic.gdx.backends.lwjgl3.Lwjgl3Window::update@126 (line 378)
  0x00000249ef5af408: 7485 1807 

  0x00000249ef5af40c: ;   {runtime_call throw_null_pointer_exception Runtime1 stub}
  0x00000249ef5af40c: e8ef 2f18 

  0x00000249ef5af410: ; ImmutableOopMap {rdx=Oop r8=Oop [64]=Oop }
                      ;*invokeinterface update {reexecute=0 rethrow=0 return_oop=0}
                      ; - com.badlogic.gdx.backends.lwjgl3.Lwjgl3Window::update@126 (line 378)
                      ;   {metadata({method} {0x00000249c9663010} 'update' '()V' in 'com/badlogic/gdx/backends/lwjgl3/DefaultLwjgl3Input')}
  0x00000249ef5af410: 0749 ba08 | 3066 c949 | 0200 004c | 8954 2408 | 48c7 0424 | ffff ffff 

  0x00000249ef5af428: ;   {runtime_call counter_overflow Runtime1 stub}
  0x00000249ef5af428: e8d3 c218 

  0x00000249ef5af42c: ; ImmutableOopMap {rdx=Oop r8=Oop [64]=Oop }
                      ;*synchronization entry
                      ; - com.badlogic.gdx.backends.lwjgl3.DefaultLwjgl3Input::update@-1 (line 189)
                      ; - com.badlogic.gdx.backends.lwjgl3.Lwjgl3Window::update@126 (line 378)
  0x00000249ef5af42c: 07e9 57f9 

  0x00000249ef5af430: ;   {runtime_call throw_null_pointer_exception Runtime1 stub}
  0x00000249ef5af430: ffff e8c9 

  0x00000249ef5af434: ; ImmutableOopMap {rdx=Oop rsi=Oop r8=Oop [64]=Oop }
                      ;*invokevirtual drain {reexecute=0 rethrow=0 return_oop=0}
                      ; - com.badlogic.gdx.backends.lwjgl3.DefaultLwjgl3Input::update@8 (line 189)
                      ; - com.badlogic.gdx.backends.lwjgl3.Lwjgl3Window::update@126 (line 378)
  0x00000249ef5af434: 2f18 0748 | 8954 2408 | 4889 3424 

  0x00000249ef5af440: ;   {runtime_call monitorenter Runtime1 stub}
  0x00000249ef5af440: e83b 8b18 

  0x00000249ef5af444: ; ImmutableOopMap {rdx=Oop [64]=Oop [104]=Oop }
                      ;*monitorenter {reexecute=0 rethrow=0 return_oop=0}
                      ; - com.badlogic.gdx.backends.lwjgl3.Lwjgl3Window::update@134 (line 380)
  0x00000249ef5af444: 07e9 c6f9 | ffff 488d | 4424 6048 

  0x00000249ef5af450: ;   {runtime_call monitorexit Runtime1 stub}
  0x00000249ef5af450: 8904 24e8 | a895 1807 | e977 faff 

  0x00000249ef5af45c: ;   {runtime_call throw_null_pointer_exception Runtime1 stub}
  0x00000249ef5af45c: ffe8 9e2f 

  0x00000249ef5af460: ; ImmutableOopMap {rdx=Oop rsi=Oop [64]=Oop }
                      ;*invokevirtual update {reexecute=0 rethrow=0 return_oop=0}
                      ; - com.badlogic.gdx.backends.lwjgl3.Lwjgl3Window::update@180 (line 386)
                      ;   {runtime_call throw_incompatible_class_change_error Runtime1 stub}
  0x00000249ef5af460: 1807 e819 

  0x00000249ef5af464: ; ImmutableOopMap {rdx=Oop rsi=Oop [64]=Oop }
                      ;*invokeinterface render {reexecute=0 rethrow=0 return_oop=0}
                      ; - com.badlogic.gdx.backends.lwjgl3.Lwjgl3Window::update@187 (line 387)
                      ;   {runtime_call throw_null_pointer_exception Runtime1 stub}
  0x00000249ef5af464: 8518 07e8 

  0x00000249ef5af468: ; ImmutableOopMap {rdx=Oop rsi=Oop [64]=Oop }
                      ;*invokeinterface render {reexecute=0 rethrow=0 return_oop=0}
                      ; - com.badlogic.gdx.backends.lwjgl3.Lwjgl3Window::update@187 (line 387)
  0x00000249ef5af468: 942f 1807 

  0x00000249ef5af46c: ;   {metadata({method} {0x00000249c94255f0} 'render' '()V' in 'com/badlogic/gdx/Game')}
  0x00000249ef5af46c: 49ba e855 | 42c9 4902 | 0000 4c89 | 5424 0848 | c704 24ff 

  0x00000249ef5af480: ;   {runtime_call counter_overflow Runtime1 stub}
  0x00000249ef5af480: ffff ffe8 

  0x00000249ef5af484: ; ImmutableOopMap {rdx=Oop rsi=Oop [64]=Oop }
                      ;*synchronization entry
                      ; - com.badlogic.gdx.Game::render@-1 (line 48)
                      ; - com.badlogic.gdx.backends.lwjgl3.Lwjgl3Window::update@187 (line 387)
  0x00000249ef5af484: 78c2 1807 | e9cd fbff 

  0x00000249ef5af48c: ;   {runtime_call throw_incompatible_class_change_error Runtime1 stub}
  0x00000249ef5af48c: ffe8 ee84 

  0x00000249ef5af490: ; ImmutableOopMap {rsi=Oop rdi=Oop [64]=Oop }
                      ;*invokeinterface getDeltaTime {reexecute=0 rethrow=0 return_oop=0}
                      ; - com.badlogic.gdx.Game::render@14 (line 48)
                      ; - com.badlogic.gdx.backends.lwjgl3.Lwjgl3Window::update@187 (line 387)
                      ;   {runtime_call throw_null_pointer_exception Runtime1 stub}
  0x00000249ef5af490: 1807 e869 

  0x00000249ef5af494: ; ImmutableOopMap {rsi=Oop rdi=Oop [64]=Oop }
                      ;*invokeinterface getDeltaTime {reexecute=0 rethrow=0 return_oop=0}
                      ; - com.badlogic.gdx.Game::render@14 (line 48)
                      ; - com.badlogic.gdx.backends.lwjgl3.Lwjgl3Window::update@187 (line 387)
                      ;   {runtime_call throw_null_pointer_exception Runtime1 stub}
  0x00000249ef5af494: 2f18 07e8 

  0x00000249ef5af498: ; ImmutableOopMap {rsi=Oop [64]=Oop }
                      ;*invokeinterface render {reexecute=0 rethrow=0 return_oop=0}
                      ; - com.badlogic.gdx.Game::render@19 (line 48)
                      ; - com.badlogic.gdx.backends.lwjgl3.Lwjgl3Window::update@187 (line 387)
  0x00000249ef5af498: 642f 1807 

  0x00000249ef5af49c: ;   {runtime_call throw_incompatible_class_change_error Runtime1 stub}
  0x00000249ef5af49c: e8df 8418 

  0x00000249ef5af4a0: ; ImmutableOopMap {rdx=Oop }
                      ;*invokeinterface prepareNext {reexecute=0 rethrow=0 return_oop=0}
                      ; - com.badlogic.gdx.backends.lwjgl3.Lwjgl3Window::update@210 (line 391)
                      ;   {runtime_call throw_null_pointer_exception Runtime1 stub}
  0x00000249ef5af4a0: 07e8 5a2f 

  0x00000249ef5af4a4: ; ImmutableOopMap {rdx=Oop }
                      ;*invokeinterface prepareNext {reexecute=0 rethrow=0 return_oop=0}
                      ; - com.badlogic.gdx.backends.lwjgl3.Lwjgl3Window::update@210 (line 391)
                      ;   {internal_word}
  0x00000249ef5af4a4: 1807 49ba | 9bf2 5aef | 4902 0000 | 4d89 9760 

  0x00000249ef5af4b4: ;   {runtime_call SafepointBlob}
  0x00000249ef5af4b4: 0400 00e9 | 4462 0c07 | 488d 4424 | 6048 8904 

  0x00000249ef5af4c4: ;   {runtime_call monitorexit Runtime1 stub}
  0x00000249ef5af4c4: 24e8 3695 | 1807 e91f | feff ff48 | 8d44 2460 | 4889 0424 

  0x00000249ef5af4d8: ;   {runtime_call monitorexit Runtime1 stub}
  0x00000249ef5af4d8: e823 9518 | 07e9 59fe | ffff 498b | 87f8 0400 | 0049 c787 | f804 0000 | 0000 0000 | 49c7 8700 
  0x00000249ef5af4f8: 0500 0000 | 0000 0048 | 81c4 8000 

  0x00000249ef5af504: ;   {runtime_call unwind_exception Runtime1 stub}
  0x00000249ef5af504: 0000 5de9 | f41f 1807 | f4f4 f4f4 
[Stub Code]
  0x00000249ef5af510: ;   {no_reloc}
  0x00000249ef5af510: 0f1f 4400 

  0x00000249ef5af514: ;   {static_stub}
  0x00000249ef5af514: 0048 bb00 | 0000 0000 

  0x00000249ef5af51c: ;   {runtime_call}
  0x00000249ef5af51c: 0000 00e9 | fbff ffff 

  0x00000249ef5af524: ;   {static_stub}
  0x00000249ef5af524: 9048 bb00 | 0000 0000 

  0x00000249ef5af52c: ;   {runtime_call}
  0x00000249ef5af52c: 0000 00e9 | fbff ffff 

  0x00000249ef5af534: ;   {static_stub}
  0x00000249ef5af534: 9048 bb00 | 0000 0000 

  0x00000249ef5af53c: ;   {runtime_call}
  0x00000249ef5af53c: 0000 00e9 | fbff ffff 

  0x00000249ef5af544: ;   {static_stub}
  0x00000249ef5af544: 9048 bb00 | 0000 0000 

  0x00000249ef5af54c: ;   {runtime_call}
  0x00000249ef5af54c: 0000 00e9 | fbff ffff 

  0x00000249ef5af554: ;   {static_stub}
  0x00000249ef5af554: 9048 bb00 | 0000 0000 

  0x00000249ef5af55c: ;   {runtime_call}
  0x00000249ef5af55c: 0000 00e9 | fbff ffff 

  0x00000249ef5af564: ;   {static_stub}
  0x00000249ef5af564: 9048 bb00 | 0000 0000 

  0x00000249ef5af56c: ;   {runtime_call}
  0x00000249ef5af56c: 0000 00e9 | fbff ffff 

  0x00000249ef5af574: ;   {static_stub}
  0x00000249ef5af574: 9048 bb00 | 0000 0000 

  0x00000249ef5af57c: ;   {runtime_call}
  0x00000249ef5af57c: 0000 00e9 | fbff ffff 

  0x00000249ef5af584: ;   {static_stub}
  0x00000249ef5af584: 9048 bb00 | 0000 0000 

  0x00000249ef5af58c: ;   {runtime_call}
  0x00000249ef5af58c: 0000 00e9 | fbff ffff 

  0x00000249ef5af594: ;   {static_stub}
  0x00000249ef5af594: 9048 bb00 | 0000 0000 

  0x00000249ef5af59c: ;   {runtime_call}
  0x00000249ef5af59c: 0000 00e9 | fbff ffff 

  0x00000249ef5af5a4: ;   {static_stub}
  0x00000249ef5af5a4: 9048 bb00 | 0000 0000 

  0x00000249ef5af5ac: ;   {runtime_call}
  0x00000249ef5af5ac: 0000 00e9 | fbff ffff 

  0x00000249ef5af5b4: ;   {static_stub}
  0x00000249ef5af5b4: 9048 bb00 | 0000 0000 

  0x00000249ef5af5bc: ;   {runtime_call}
  0x00000249ef5af5bc: 0000 00e9 | fbff ffff 

  0x00000249ef5af5c4: ;   {static_stub}
  0x00000249ef5af5c4: 9048 bb28 | 3166 c949 

  0x00000249ef5af5cc: ;   {runtime_call I2C/C2I adapters}
  0x00000249ef5af5cc: 0200 00e9 | 8f3e 0c07 

  0x00000249ef5af5d4: ;   {static_stub}
  0x00000249ef5af5d4: 48bb 0000 | 0000 0000 

  0x00000249ef5af5dc: ;   {runtime_call}
  0x00000249ef5af5dc: 0000 e9fb 

  0x00000249ef5af5e0: ;   {runtime_call handle_exception_from_callee Runtime1 stub}
  0x00000249ef5af5e0: ffff ffe8 | 186c 1807 

  0x00000249ef5af5e8: ;   {external_word}
  0x00000249ef5af5e8: 48b9 a046 | ecbb ff7f | 0000 4883 

  0x00000249ef5af5f4: ;   {runtime_call}
  0x00000249ef5af5f4: e4f0 48b8 | b028 b4bb | ff7f 0000 

  0x00000249ef5af600: ;   {section_word}
  0x00000249ef5af600: ffd0 f449 | ba03 f65a | ef49 0200 

  0x00000249ef5af60c: ;   {runtime_call DeoptimizationBlob}
  0x00000249ef5af60c: 0041 52e9 | 8c53 0c07 | f4f4 f4f4 
[/MachCode]


---------------  P R O C E S S  ---------------

Threads class SMR info:
_java_thread_list=0x00000249cebfda10, length=14, elements={
0x00000249e49ea950, 0x0000024986bbc990, 0x0000024986bc1410, 0x0000024986bc2190,
0x0000024986bc2b50, 0x0000024986bca310, 0x0000024986bcdfa0, 0x00000249870aa0b0,
0x00000249870aa750, 0x00000249872e47f0, 0x00000249872e4160, 0x00000249ce6f6d30,
0x00000249ce6f4c60, 0x00000249ce6f8e00
}

Java Threads: ( => current thread )
=>0x00000249e49ea950 JavaThread "main"                              [_thread_in_native, id=8700, stack(0x000000a525b00000,0x000000a525c00000) (1024K)]
  0x0000024986bbc990 JavaThread "Reference Handler"          daemon [_thread_blocked, id=1748, stack(0x000000a526300000,0x000000a526400000) (1024K)]
  0x0000024986bc1410 JavaThread "Finalizer"                  daemon [_thread_blocked, id=24892, stack(0x000000a526400000,0x000000a526500000) (1024K)]
  0x0000024986bc2190 JavaThread "Signal Dispatcher"          daemon [_thread_blocked, id=4204, stack(0x000000a526500000,0x000000a526600000) (1024K)]
  0x0000024986bc2b50 JavaThread "Attach Listener"            daemon [_thread_blocked, id=33448, stack(0x000000a526600000,0x000000a526700000) (1024K)]
  0x0000024986bca310 JavaThread "Service Thread"             daemon [_thread_blocked, id=6104, stack(0x000000a526700000,0x000000a526800000) (1024K)]
  0x0000024986bcdfa0 JavaThread "Monitor Deflation Thread"   daemon [_thread_blocked, id=13016, stack(0x000000a526800000,0x000000a526900000) (1024K)]
  0x00000249870aa0b0 JavaThread "C2 CompilerThread0"         daemon [_thread_blocked, id=34088, stack(0x000000a526900000,0x000000a526a00000) (1024K)]
  0x00000249870aa750 JavaThread "C1 CompilerThread0"         daemon [_thread_blocked, id=10784, stack(0x000000a526a00000,0x000000a526b00000) (1024K)]
  0x00000249872e47f0 JavaThread "Notification Thread"        daemon [_thread_blocked, id=22568, stack(0x000000a526d00000,0x000000a526e00000) (1024K)]
  0x00000249872e4160 JavaThread "Common-Cleaner"             daemon [_thread_blocked, id=23424, stack(0x000000a526e00000,0x000000a526f00000) (1024K)]
  0x00000249ce6f6d30 JavaThread "AssetManager"               daemon [_thread_blocked, id=33512, stack(0x000000a527a00000,0x000000a527b00000) (1024K)]
  0x00000249ce6f4c60 JavaThread "LWJGL3 Timer"               daemon [_thread_blocked, id=27692, stack(0x000000a527700000,0x000000a527800000) (1024K)]
  0x00000249ce6f8e00 JavaThread "AssetManager"               daemon [_thread_blocked, id=13168, stack(0x000000a528400000,0x000000a528500000) (1024K)]
Total: 14

Other Threads:
  0x0000024986b9d1c0 VMThread "VM Thread"                           [id=4416, stack(0x000000a526200000,0x000000a526300000) (1024K)]
  0x0000024986b8b030 WatcherThread "VM Periodic Task Thread"        [id=26756, stack(0x000000a526100000,0x000000a526200000) (1024K)]
  0x00000249e6dbd6e0 WorkerThread "GC Thread#0"                     [id=32560, stack(0x000000a525c00000,0x000000a525d00000) (1024K)]
  0x00000249ce731a80 WorkerThread "GC Thread#1"                     [id=12244, stack(0x000000a527b00000,0x000000a527c00000) (1024K)]
  0x00000249ce7305b0 WorkerThread "GC Thread#2"                     [id=5140, stack(0x000000a527c00000,0x000000a527d00000) (1024K)]
  0x00000249ce8043c0 WorkerThread "GC Thread#3"                     [id=27244, stack(0x000000a527d00000,0x000000a527e00000) (1024K)]
  0x00000249ce6deec0 WorkerThread "GC Thread#4"                     [id=36024, stack(0x000000a527e00000,0x000000a527f00000) (1024K)]
  0x00000249ce820c00 WorkerThread "GC Thread#5"                     [id=13084, stack(0x000000a527f00000,0x000000a528000000) (1024K)]
  0x00000249ce7f0ea0 WorkerThread "GC Thread#6"                     [id=28496, stack(0x000000a528000000,0x000000a528100000) (1024K)]
  0x00000249ce820fa0 WorkerThread "GC Thread#7"                     [id=34576, stack(0x000000a528100000,0x000000a528200000) (1024K)]
  0x00000249ce822360 WorkerThread "GC Thread#8"                     [id=37956, stack(0x000000a528200000,0x000000a528300000) (1024K)]
  0x00000249ce82dca0 WorkerThread "GC Thread#9"                     [id=37596, stack(0x000000a528300000,0x000000a528400000) (1024K)]
  0x00000249e6dcdf10 ConcurrentGCThread "G1 Main Marker"            [id=10016, stack(0x000000a525d00000,0x000000a525e00000) (1024K)]
  0x00000249e6dd0030 WorkerThread "G1 Conc#0"                       [id=20820, stack(0x000000a525e00000,0x000000a525f00000) (1024K)]
  0x0000024986a59960 ConcurrentGCThread "G1 Refine#0"               [id=38136, stack(0x000000a525f00000,0x000000a526000000) (1024K)]
  0x0000024986a59f80 ConcurrentGCThread "G1 Service"                [id=1488, stack(0x000000a526000000,0x000000a526100000) (1024K)]
Total: 16

Threads with active compile tasks:
Total: 0

VM state: not at safepoint (normal execution)

VM Mutex/Monitor currently owned by a thread: None

Heap address: 0x0000000707a00000, size: 3974 MB, Compressed Oops mode: Zero based, Oop shift amount: 3

CDS archive(s) mapped at: [0x0000024988000000-0x0000024988c90000-0x0000024988c90000), size 13172736, SharedBaseAddress: 0x0000024988000000, ArchiveRelocationMode: 1.
Compressed class space mapped at: 0x0000024989000000-0x00000249c9000000, reserved size: 1073741824
Narrow klass base: 0x0000024988000000, Narrow klass shift: 0, Narrow klass range: 0x100000000

GC Precious Log:
 CardTable entry size: 512
 Card Set container configuration: InlinePtr #cards 4 size 8 Array Of Cards #cards 16 size 48 Howl #buckets 8 coarsen threshold 3686 Howl Bitmap #cards 512 size 80 coarsen threshold 460 Card regions per heap region 1 cards per card region 4096
 CPUs: 22 total, 22 available
 Memory: 15892M
 Large Page Support: Disabled
 NUMA Support: Disabled
 Compressed Oops: Enabled (Zero based)
 Heap Region Size: 2M
 Heap Min Capacity: 8M
 Heap Initial Capacity: 250M
 Heap Max Capacity: 3974M
 Pre-touch: Disabled
 Parallel Workers: 16
 Concurrent Workers: 4
 Concurrent Refinement Workers: 16
 Periodic GC: Disabled

Heap:
 garbage-first heap   total 256000K, used 18197K [0x0000000707a00000, 0x0000000800000000)
  region size 2048K, 10 young (20480K), 2 survivors (4096K)
 Metaspace       used 9937K, committed 10240K, reserved 1114112K
  class space    used 827K, committed 960K, reserved 1048576K

Heap Regions: E=young(eden), S=young(survivor), O=old, HS=humongous(starts), HC=humongous(continues), CS=collection set, F=free, TAMS=top-at-mark-start, PB=parsable bottom
|   0|0x0000000707a00000, 0x0000000707a00000, 0x0000000707c00000|  0%| F|  |TAMS 0x0000000707a00000| PB 0x0000000707a00000| Untracked 
|   1|0x0000000707c00000, 0x0000000707c00000, 0x0000000707e00000|  0%| F|  |TAMS 0x0000000707c00000| PB 0x0000000707c00000| Untracked 
|   2|0x0000000707e00000, 0x0000000707e00000, 0x0000000708000000|  0%| F|  |TAMS 0x0000000707e00000| PB 0x0000000707e00000| Untracked 
|   3|0x0000000708000000, 0x0000000708000000, 0x0000000708200000|  0%| F|  |TAMS 0x0000000708000000| PB 0x0000000708000000| Untracked 
|   4|0x0000000708200000, 0x0000000708200000, 0x0000000708400000|  0%| F|  |TAMS 0x0000000708200000| PB 0x0000000708200000| Untracked 
|   5|0x0000000708400000, 0x0000000708400000, 0x0000000708600000|  0%| F|  |TAMS 0x0000000708400000| PB 0x0000000708400000| Untracked 
|   6|0x0000000708600000, 0x0000000708600000, 0x0000000708800000|  0%| F|  |TAMS 0x0000000708600000| PB 0x0000000708600000| Untracked 
|   7|0x0000000708800000, 0x0000000708800000, 0x0000000708a00000|  0%| F|  |TAMS 0x0000000708800000| PB 0x0000000708800000| Untracked 
|   8|0x0000000708a00000, 0x0000000708a00000, 0x0000000708c00000|  0%| F|  |TAMS 0x0000000708a00000| PB 0x0000000708a00000| Untracked 
|   9|0x0000000708c00000, 0x0000000708c00000, 0x0000000708e00000|  0%| F|  |TAMS 0x0000000708c00000| PB 0x0000000708c00000| Untracked 
|  10|0x0000000708e00000, 0x0000000708e00000, 0x0000000709000000|  0%| F|  |TAMS 0x0000000708e00000| PB 0x0000000708e00000| Untracked 
|  11|0x0000000709000000, 0x0000000709000000, 0x0000000709200000|  0%| F|  |TAMS 0x0000000709000000| PB 0x0000000709000000| Untracked 
|  12|0x0000000709200000, 0x0000000709200000, 0x0000000709400000|  0%| F|  |TAMS 0x0000000709200000| PB 0x0000000709200000| Untracked 
|  13|0x0000000709400000, 0x0000000709400000, 0x0000000709600000|  0%| F|  |TAMS 0x0000000709400000| PB 0x0000000709400000| Untracked 
|  14|0x0000000709600000, 0x0000000709600000, 0x0000000709800000|  0%| F|  |TAMS 0x0000000709600000| PB 0x0000000709600000| Untracked 
|  15|0x0000000709800000, 0x0000000709800000, 0x0000000709a00000|  0%| F|  |TAMS 0x0000000709800000| PB 0x0000000709800000| Untracked 
|  16|0x0000000709a00000, 0x0000000709a00000, 0x0000000709c00000|  0%| F|  |TAMS 0x0000000709a00000| PB 0x0000000709a00000| Untracked 
|  17|0x0000000709c00000, 0x0000000709c00000, 0x0000000709e00000|  0%| F|  |TAMS 0x0000000709c00000| PB 0x0000000709c00000| Untracked 
|  18|0x0000000709e00000, 0x0000000709e00000, 0x000000070a000000|  0%| F|  |TAMS 0x0000000709e00000| PB 0x0000000709e00000| Untracked 
|  19|0x000000070a000000, 0x000000070a000000, 0x000000070a200000|  0%| F|  |TAMS 0x000000070a000000| PB 0x000000070a000000| Untracked 
|  20|0x000000070a200000, 0x000000070a200000, 0x000000070a400000|  0%| F|  |TAMS 0x000000070a200000| PB 0x000000070a200000| Untracked 
|  21|0x000000070a400000, 0x000000070a400000, 0x000000070a600000|  0%| F|  |TAMS 0x000000070a400000| PB 0x000000070a400000| Untracked 
|  22|0x000000070a600000, 0x000000070a600000, 0x000000070a800000|  0%| F|  |TAMS 0x000000070a600000| PB 0x000000070a600000| Untracked 
|  23|0x000000070a800000, 0x000000070a800000, 0x000000070aa00000|  0%| F|  |TAMS 0x000000070a800000| PB 0x000000070a800000| Untracked 
|  24|0x000000070aa00000, 0x000000070aa00000, 0x000000070ac00000|  0%| F|  |TAMS 0x000000070aa00000| PB 0x000000070aa00000| Untracked 
|  25|0x000000070ac00000, 0x000000070ac00000, 0x000000070ae00000|  0%| F|  |TAMS 0x000000070ac00000| PB 0x000000070ac00000| Untracked 
|  26|0x000000070ae00000, 0x000000070ae00000, 0x000000070b000000|  0%| F|  |TAMS 0x000000070ae00000| PB 0x000000070ae00000| Untracked 
|  27|0x000000070b000000, 0x000000070b000000, 0x000000070b200000|  0%| F|  |TAMS 0x000000070b000000| PB 0x000000070b000000| Untracked 
|  28|0x000000070b200000, 0x000000070b200000, 0x000000070b400000|  0%| F|  |TAMS 0x000000070b200000| PB 0x000000070b200000| Untracked 
|  29|0x000000070b400000, 0x000000070b400000, 0x000000070b600000|  0%| F|  |TAMS 0x000000070b400000| PB 0x000000070b400000| Untracked 
|  30|0x000000070b600000, 0x000000070b600000, 0x000000070b800000|  0%| F|  |TAMS 0x000000070b600000| PB 0x000000070b600000| Untracked 
|  31|0x000000070b800000, 0x000000070b800000, 0x000000070ba00000|  0%| F|  |TAMS 0x000000070b800000| PB 0x000000070b800000| Untracked 
|  32|0x000000070ba00000, 0x000000070ba00000, 0x000000070bc00000|  0%| F|  |TAMS 0x000000070ba00000| PB 0x000000070ba00000| Untracked 
|  33|0x000000070bc00000, 0x000000070bc00000, 0x000000070be00000|  0%| F|  |TAMS 0x000000070bc00000| PB 0x000000070bc00000| Untracked 
|  34|0x000000070be00000, 0x000000070be00000, 0x000000070c000000|  0%| F|  |TAMS 0x000000070be00000| PB 0x000000070be00000| Untracked 
|  35|0x000000070c000000, 0x000000070c000000, 0x000000070c200000|  0%| F|  |TAMS 0x000000070c000000| PB 0x000000070c000000| Untracked 
|  36|0x000000070c200000, 0x000000070c200000, 0x000000070c400000|  0%| F|  |TAMS 0x000000070c200000| PB 0x000000070c200000| Untracked 
|  37|0x000000070c400000, 0x000000070c400000, 0x000000070c600000|  0%| F|  |TAMS 0x000000070c400000| PB 0x000000070c400000| Untracked 
|  38|0x000000070c600000, 0x000000070c600000, 0x000000070c800000|  0%| F|  |TAMS 0x000000070c600000| PB 0x000000070c600000| Untracked 
|  39|0x000000070c800000, 0x000000070c800000, 0x000000070ca00000|  0%| F|  |TAMS 0x000000070c800000| PB 0x000000070c800000| Untracked 
|  40|0x000000070ca00000, 0x000000070ca00000, 0x000000070cc00000|  0%| F|  |TAMS 0x000000070ca00000| PB 0x000000070ca00000| Untracked 
|  41|0x000000070cc00000, 0x000000070cc00000, 0x000000070ce00000|  0%| F|  |TAMS 0x000000070cc00000| PB 0x000000070cc00000| Untracked 
|  42|0x000000070ce00000, 0x000000070ce00000, 0x000000070d000000|  0%| F|  |TAMS 0x000000070ce00000| PB 0x000000070ce00000| Untracked 
|  43|0x000000070d000000, 0x000000070d000000, 0x000000070d200000|  0%| F|  |TAMS 0x000000070d000000| PB 0x000000070d000000| Untracked 
|  44|0x000000070d200000, 0x000000070d200000, 0x000000070d400000|  0%| F|  |TAMS 0x000000070d200000| PB 0x000000070d200000| Untracked 
|  45|0x000000070d400000, 0x000000070d400000, 0x000000070d600000|  0%| F|  |TAMS 0x000000070d400000| PB 0x000000070d400000| Untracked 
|  46|0x000000070d600000, 0x000000070d600000, 0x000000070d800000|  0%| F|  |TAMS 0x000000070d600000| PB 0x000000070d600000| Untracked 
|  47|0x000000070d800000, 0x000000070d800000, 0x000000070da00000|  0%| F|  |TAMS 0x000000070d800000| PB 0x000000070d800000| Untracked 
|  48|0x000000070da00000, 0x000000070da00000, 0x000000070dc00000|  0%| F|  |TAMS 0x000000070da00000| PB 0x000000070da00000| Untracked 
|  49|0x000000070dc00000, 0x000000070dc00000, 0x000000070de00000|  0%| F|  |TAMS 0x000000070dc00000| PB 0x000000070dc00000| Untracked 
|  50|0x000000070de00000, 0x000000070de00000, 0x000000070e000000|  0%| F|  |TAMS 0x000000070de00000| PB 0x000000070de00000| Untracked 
|  51|0x000000070e000000, 0x000000070e000000, 0x000000070e200000|  0%| F|  |TAMS 0x000000070e000000| PB 0x000000070e000000| Untracked 
|  52|0x000000070e200000, 0x000000070e200000, 0x000000070e400000|  0%| F|  |TAMS 0x000000070e200000| PB 0x000000070e200000| Untracked 
|  53|0x000000070e400000, 0x000000070e400000, 0x000000070e600000|  0%| F|  |TAMS 0x000000070e400000| PB 0x000000070e400000| Untracked 
|  54|0x000000070e600000, 0x000000070e600000, 0x000000070e800000|  0%| F|  |TAMS 0x000000070e600000| PB 0x000000070e600000| Untracked 
|  55|0x000000070e800000, 0x000000070e800000, 0x000000070ea00000|  0%| F|  |TAMS 0x000000070e800000| PB 0x000000070e800000| Untracked 
|  56|0x000000070ea00000, 0x000000070ea00000, 0x000000070ec00000|  0%| F|  |TAMS 0x000000070ea00000| PB 0x000000070ea00000| Untracked 
|  57|0x000000070ec00000, 0x000000070ec00000, 0x000000070ee00000|  0%| F|  |TAMS 0x000000070ec00000| PB 0x000000070ec00000| Untracked 
|  58|0x000000070ee00000, 0x000000070ee00000, 0x000000070f000000|  0%| F|  |TAMS 0x000000070ee00000| PB 0x000000070ee00000| Untracked 
|  59|0x000000070f000000, 0x000000070f000000, 0x000000070f200000|  0%| F|  |TAMS 0x000000070f000000| PB 0x000000070f000000| Untracked 
|  60|0x000000070f200000, 0x000000070f200000, 0x000000070f400000|  0%| F|  |TAMS 0x000000070f200000| PB 0x000000070f200000| Untracked 
|  61|0x000000070f400000, 0x000000070f400000, 0x000000070f600000|  0%| F|  |TAMS 0x000000070f400000| PB 0x000000070f400000| Untracked 
|  62|0x000000070f600000, 0x000000070f600000, 0x000000070f800000|  0%| F|  |TAMS 0x000000070f600000| PB 0x000000070f600000| Untracked 
|  63|0x000000070f800000, 0x000000070f800000, 0x000000070fa00000|  0%| F|  |TAMS 0x000000070f800000| PB 0x000000070f800000| Untracked 
|  64|0x000000070fa00000, 0x000000070fa00000, 0x000000070fc00000|  0%| F|  |TAMS 0x000000070fa00000| PB 0x000000070fa00000| Untracked 
|  65|0x000000070fc00000, 0x000000070fc00000, 0x000000070fe00000|  0%| F|  |TAMS 0x000000070fc00000| PB 0x000000070fc00000| Untracked 
|  66|0x000000070fe00000, 0x000000070fe00000, 0x0000000710000000|  0%| F|  |TAMS 0x000000070fe00000| PB 0x000000070fe00000| Untracked 
|  67|0x0000000710000000, 0x0000000710000000, 0x0000000710200000|  0%| F|  |TAMS 0x0000000710000000| PB 0x0000000710000000| Untracked 
|  68|0x0000000710200000, 0x0000000710200000, 0x0000000710400000|  0%| F|  |TAMS 0x0000000710200000| PB 0x0000000710200000| Untracked 
|  69|0x0000000710400000, 0x0000000710400000, 0x0000000710600000|  0%| F|  |TAMS 0x0000000710400000| PB 0x0000000710400000| Untracked 
|  70|0x0000000710600000, 0x0000000710600000, 0x0000000710800000|  0%| F|  |TAMS 0x0000000710600000| PB 0x0000000710600000| Untracked 
|  71|0x0000000710800000, 0x0000000710800000, 0x0000000710a00000|  0%| F|  |TAMS 0x0000000710800000| PB 0x0000000710800000| Untracked 
|  72|0x0000000710a00000, 0x0000000710a00000, 0x0000000710c00000|  0%| F|  |TAMS 0x0000000710a00000| PB 0x0000000710a00000| Untracked 
|  73|0x0000000710c00000, 0x0000000710c00000, 0x0000000710e00000|  0%| F|  |TAMS 0x0000000710c00000| PB 0x0000000710c00000| Untracked 
|  74|0x0000000710e00000, 0x0000000710e00000, 0x0000000711000000|  0%| F|  |TAMS 0x0000000710e00000| PB 0x0000000710e00000| Untracked 
|  75|0x0000000711000000, 0x0000000711000000, 0x0000000711200000|  0%| F|  |TAMS 0x0000000711000000| PB 0x0000000711000000| Untracked 
|  76|0x0000000711200000, 0x0000000711200000, 0x0000000711400000|  0%| F|  |TAMS 0x0000000711200000| PB 0x0000000711200000| Untracked 
|  77|0x0000000711400000, 0x0000000711400000, 0x0000000711600000|  0%| F|  |TAMS 0x0000000711400000| PB 0x0000000711400000| Untracked 
|  78|0x0000000711600000, 0x0000000711600000, 0x0000000711800000|  0%| F|  |TAMS 0x0000000711600000| PB 0x0000000711600000| Untracked 
|  79|0x0000000711800000, 0x0000000711800000, 0x0000000711a00000|  0%| F|  |TAMS 0x0000000711800000| PB 0x0000000711800000| Untracked 
|  80|0x0000000711a00000, 0x0000000711a00000, 0x0000000711c00000|  0%| F|  |TAMS 0x0000000711a00000| PB 0x0000000711a00000| Untracked 
|  81|0x0000000711c00000, 0x0000000711c00000, 0x0000000711e00000|  0%| F|  |TAMS 0x0000000711c00000| PB 0x0000000711c00000| Untracked 
|  82|0x0000000711e00000, 0x0000000711e00000, 0x0000000712000000|  0%| F|  |TAMS 0x0000000711e00000| PB 0x0000000711e00000| Untracked 
|  83|0x0000000712000000, 0x0000000712000000, 0x0000000712200000|  0%| F|  |TAMS 0x0000000712000000| PB 0x0000000712000000| Untracked 
|  84|0x0000000712200000, 0x0000000712200000, 0x0000000712400000|  0%| F|  |TAMS 0x0000000712200000| PB 0x0000000712200000| Untracked 
|  85|0x0000000712400000, 0x0000000712400000, 0x0000000712600000|  0%| F|  |TAMS 0x0000000712400000| PB 0x0000000712400000| Untracked 
|  86|0x0000000712600000, 0x0000000712600000, 0x0000000712800000|  0%| F|  |TAMS 0x0000000712600000| PB 0x0000000712600000| Untracked 
|  87|0x0000000712800000, 0x0000000712800000, 0x0000000712a00000|  0%| F|  |TAMS 0x0000000712800000| PB 0x0000000712800000| Untracked 
|  88|0x0000000712a00000, 0x0000000712a00000, 0x0000000712c00000|  0%| F|  |TAMS 0x0000000712a00000| PB 0x0000000712a00000| Untracked 
|  89|0x0000000712c00000, 0x0000000712c00000, 0x0000000712e00000|  0%| F|  |TAMS 0x0000000712c00000| PB 0x0000000712c00000| Untracked 
|  90|0x0000000712e00000, 0x0000000712e00000, 0x0000000713000000|  0%| F|  |TAMS 0x0000000712e00000| PB 0x0000000712e00000| Untracked 
|  91|0x0000000713000000, 0x0000000713000000, 0x0000000713200000|  0%| F|  |TAMS 0x0000000713000000| PB 0x0000000713000000| Untracked 
|  92|0x0000000713200000, 0x0000000713200000, 0x0000000713400000|  0%| F|  |TAMS 0x0000000713200000| PB 0x0000000713200000| Untracked 
|  93|0x0000000713400000, 0x0000000713400000, 0x0000000713600000|  0%| F|  |TAMS 0x0000000713400000| PB 0x0000000713400000| Untracked 
|  94|0x0000000713600000, 0x0000000713600000, 0x0000000713800000|  0%| F|  |TAMS 0x0000000713600000| PB 0x0000000713600000| Untracked 
|  95|0x0000000713800000, 0x0000000713800000, 0x0000000713a00000|  0%| F|  |TAMS 0x0000000713800000| PB 0x0000000713800000| Untracked 
|  96|0x0000000713a00000, 0x0000000713a00000, 0x0000000713c00000|  0%| F|  |TAMS 0x0000000713a00000| PB 0x0000000713a00000| Untracked 
|  97|0x0000000713c00000, 0x0000000713c00000, 0x0000000713e00000|  0%| F|  |TAMS 0x0000000713c00000| PB 0x0000000713c00000| Untracked 
|  98|0x0000000713e00000, 0x0000000713e00000, 0x0000000714000000|  0%| F|  |TAMS 0x0000000713e00000| PB 0x0000000713e00000| Untracked 
|  99|0x0000000714000000, 0x0000000714000000, 0x0000000714200000|  0%| F|  |TAMS 0x0000000714000000| PB 0x0000000714000000| Untracked 
| 100|0x0000000714200000, 0x0000000714200000, 0x0000000714400000|  0%| F|  |TAMS 0x0000000714200000| PB 0x0000000714200000| Untracked 
| 101|0x0000000714400000, 0x0000000714400000, 0x0000000714600000|  0%| F|  |TAMS 0x0000000714400000| PB 0x0000000714400000| Untracked 
| 102|0x0000000714600000, 0x0000000714600000, 0x0000000714800000|  0%| F|  |TAMS 0x0000000714600000| PB 0x0000000714600000| Untracked 
| 103|0x0000000714800000, 0x0000000714800000, 0x0000000714a00000|  0%| F|  |TAMS 0x0000000714800000| PB 0x0000000714800000| Untracked 
| 104|0x0000000714a00000, 0x0000000714a00000, 0x0000000714c00000|  0%| F|  |TAMS 0x0000000714a00000| PB 0x0000000714a00000| Untracked 
| 105|0x0000000714c00000, 0x0000000714c00000, 0x0000000714e00000|  0%| F|  |TAMS 0x0000000714c00000| PB 0x0000000714c00000| Untracked 
| 106|0x0000000714e00000, 0x0000000714e00000, 0x0000000715000000|  0%| F|  |TAMS 0x0000000714e00000| PB 0x0000000714e00000| Untracked 
| 107|0x0000000715000000, 0x0000000715000000, 0x0000000715200000|  0%| F|  |TAMS 0x0000000715000000| PB 0x0000000715000000| Untracked 
| 108|0x0000000715200000, 0x0000000715200000, 0x0000000715400000|  0%| F|  |TAMS 0x0000000715200000| PB 0x0000000715200000| Untracked 
| 109|0x0000000715400000, 0x0000000715400000, 0x0000000715600000|  0%| F|  |TAMS 0x0000000715400000| PB 0x0000000715400000| Untracked 
| 110|0x0000000715600000, 0x0000000715600000, 0x0000000715800000|  0%| F|  |TAMS 0x0000000715600000| PB 0x0000000715600000| Untracked 
| 111|0x0000000715800000, 0x0000000715800000, 0x0000000715a00000|  0%| F|  |TAMS 0x0000000715800000| PB 0x0000000715800000| Untracked 
| 112|0x0000000715a00000, 0x0000000715bc5798, 0x0000000715c00000| 88%| S|CS|TAMS 0x0000000715a00000| PB 0x0000000715a00000| Complete 
| 113|0x0000000715c00000, 0x0000000715e00000, 0x0000000715e00000|100%| S|CS|TAMS 0x0000000715c00000| PB 0x0000000715c00000| Complete 
| 114|0x0000000715e00000, 0x0000000715e00000, 0x0000000716000000|  0%| F|  |TAMS 0x0000000715e00000| PB 0x0000000715e00000| Untracked 
| 115|0x0000000716000000, 0x0000000716000000, 0x0000000716200000|  0%| F|  |TAMS 0x0000000716000000| PB 0x0000000716000000| Untracked 
| 116|0x0000000716200000, 0x0000000716200000, 0x0000000716400000|  0%| F|  |TAMS 0x0000000716200000| PB 0x0000000716200000| Untracked 
| 117|0x0000000716400000, 0x00000007164c7f50, 0x0000000716600000| 39%| E|  |TAMS 0x0000000716400000| PB 0x0000000716400000| Complete 
| 118|0x0000000716600000, 0x0000000716800000, 0x0000000716800000|100%| E|CS|TAMS 0x0000000716600000| PB 0x0000000716600000| Complete 
| 119|0x0000000716800000, 0x0000000716a00000, 0x0000000716a00000|100%| E|CS|TAMS 0x0000000716800000| PB 0x0000000716800000| Complete 
| 120|0x0000000716a00000, 0x0000000716c00000, 0x0000000716c00000|100%| E|CS|TAMS 0x0000000716a00000| PB 0x0000000716a00000| Complete 
| 121|0x0000000716c00000, 0x0000000716e00000, 0x0000000716e00000|100%| E|CS|TAMS 0x0000000716c00000| PB 0x0000000716c00000| Complete 
| 122|0x0000000716e00000, 0x0000000717000000, 0x0000000717000000|100%| E|CS|TAMS 0x0000000716e00000| PB 0x0000000716e00000| Complete 
| 123|0x0000000717000000, 0x0000000717200000, 0x0000000717200000|100%| E|CS|TAMS 0x0000000717000000| PB 0x0000000717000000| Complete 
| 124|0x0000000717200000, 0x0000000717400000, 0x0000000717400000|100%| E|CS|TAMS 0x0000000717200000| PB 0x0000000717200000| Complete 

Card table byte_map: [0x00000249ff560000,0x00000249ffd30000] _byte_map_base: 0x00000249fbd23000

Marking Bits: (CMBitMap*) 0x00000249e6dbdde0
 Bits: [0x0000024980000000, 0x0000024983e18000)

Polling page: 0x00000249e4980000

Metaspace:

Usage:
  Non-class:      8.90 MB used.
      Class:    827.90 KB used.
       Both:      9.70 MB used.

Virtual space:
  Non-class space:       64.00 MB reserved,       9.06 MB ( 14%) committed,  1 nodes.
      Class space:        1.00 GB reserved,     960.00 KB ( <1%) committed,  1 nodes.
             Both:        1.06 GB reserved,      10.00 MB ( <1%) committed. 

Chunk freelists:
   Non-Class:  5.61 MB
       Class:  15.10 MB
        Both:  20.71 MB

MaxMetaspaceSize: unlimited
CompressedClassSpaceSize: 1.00 GB
Initial GC threshold: 21.00 MB
Current GC threshold: 21.00 MB
CDS: on
 - commit_granule_bytes: 65536.
 - commit_granule_words: 8192.
 - virtual_space_node_default_size: 8388608.
 - enlarge_chunks_in_place: 1.
 - use_allocation_guard: 0.


Internal statistics:

num_allocs_failed_limit: 0.
num_arena_births: 172.
num_arena_deaths: 0.
num_vsnodes_births: 2.
num_vsnodes_deaths: 0.
num_space_committed: 158.
num_space_uncommitted: 0.
num_chunks_returned_to_freelist: 0.
num_chunks_taken_from_freelist: 465.
num_chunk_merges: 0.
num_chunk_splits: 325.
num_chunks_enlarged: 249.
num_inconsistent_stats: 0.

CodeHeap 'non-profiled nmethods': size=119168Kb used=1281Kb max_used=1281Kb free=117886Kb
 bounds [0x00000249f6d70000, 0x00000249f6fe0000, 0x00000249fe1d0000]
CodeHeap 'profiled nmethods': size=119104Kb used=4232Kb max_used=4232Kb free=114871Kb
 bounds [0x00000249ef1d0000, 0x00000249ef600000, 0x00000249f6620000]
CodeHeap 'non-nmethods': size=7488Kb used=2155Kb max_used=3869Kb free=5332Kb
 bounds [0x00000249f6620000, 0x00000249f6a50000, 0x00000249f6d70000]
 total_blobs=3466 nmethods=2350 adapters=1021
 compilation: enabled
              stopped_count=0, restarted_count=0
 full_count=0

Compilation events (20 events):
Event: 19.191 Thread 0x00000249870aa750 nmethod 2340 0x00000249ef5e8a90 code [0x00000249ef5e8d20, 0x00000249ef5e9b48]
Event: 19.191 Thread 0x00000249870aa750 2341       3       com.csse3200.game.events.EventHandler::trigger (17 bytes)
Event: 19.191 Thread 0x00000249870aa750 nmethod 2341 0x00000249ef5ea010 code [0x00000249ef5ea260, 0x00000249ef5eaee0]
Event: 19.191 Thread 0x00000249870aa750 2342       3       com.csse3200.game.events.EventHandler$$Lambda/0x00000249890e2ea0::<init> (15 bytes)
Event: 19.192 Thread 0x00000249870aa750 nmethod 2342 0x00000249ef5eb290 code [0x00000249ef5eb440, 0x00000249ef5eb670]
Event: 19.309 Thread 0x00000249870aa750 2343       3       javazoom.jl.decoder.LayerIIIDecoder::decode (572 bytes)
Event: 19.310 Thread 0x00000249870aa750 nmethod 2343 0x00000249ef5eb710 code [0x00000249ef5ebac0, 0x00000249ef5ecdc0]
Event: 19.557 Thread 0x00000249870aa750 2344       3       com.csse3200.game.ai.tasks.DefaultTask::stop (8 bytes)
Event: 19.557 Thread 0x00000249870aa750 nmethod 2344 0x00000249ef5ed790 code [0x00000249ef5ed940, 0x00000249ef5edab0]
Event: 19.624 Thread 0x00000249870aa0b0 2345       4       javazoom.jl.decoder.LayerIIIDecoder::decode (572 bytes)
Event: 19.672 Thread 0x00000249870aa0b0 nmethod 2345 0x00000249f6eaaf90 code [0x00000249f6eab7a0, 0x00000249f6eae6d0]
Event: 19.790 Thread 0x00000249870aa750 2346       3       com.csse3200.game.components.tasks.WanderTask::swapTask (31 bytes)
Event: 19.791 Thread 0x00000249870aa750 nmethod 2346 0x00000249ef5edb90 code [0x00000249ef5edd60, 0x00000249ef5ee0b0]
Event: 20.274 Thread 0x00000249870aa750 2347       3       java.lang.Class::descriptorString (170 bytes)
Event: 20.274 Thread 0x00000249870aa0b0 2348       4       jdk.internal.org.objectweb.asm.Symbol::<init> (38 bytes)
Event: 20.275 Thread 0x00000249870aa750 nmethod 2347 0x00000249ef5ee190 code [0x00000249ef5ee600, 0x00000249ef5efd98]
Event: 20.276 Thread 0x00000249870aa750 2349   !   3       java.lang.invoke.MethodHandle::setVarargs (50 bytes)
Event: 20.277 Thread 0x00000249870aa0b0 nmethod 2348 0x00000249f6eb0110 code [0x00000249f6eb02a0, 0x00000249f6eb0608]
Event: 20.277 Thread 0x00000249870aa750 nmethod 2349 0x00000249ef5f0710 code [0x00000249ef5f09e0, 0x00000249ef5f15d8]
Event: 20.277 Thread 0x00000249870aa750 2350       3       java.lang.invoke.MemberName::isVarargs (23 bytes)

GC Heap History (2 events):
Event: 2.166 GC heap before
{Heap before GC invocations=0 (full 0):
 garbage-first heap   total 256000K, used 20480K [0x0000000707a00000, 0x0000000800000000)
  region size 2048K, 11 young (22528K), 0 survivors (0K)
 Metaspace       used 7303K, committed 7488K, reserved 1114112K
  class space    used 573K, committed 640K, reserved 1048576K
}
Event: 2.173 GC heap after
{Heap after GC invocations=1 (full 0):
 garbage-first heap   total 256000K, used 3861K [0x0000000707a00000, 0x0000000800000000)
  region size 2048K, 2 young (4096K), 2 survivors (4096K)
 Metaspace       used 7303K, committed 7488K, reserved 1114112K
  class space    used 573K, committed 640K, reserved 1048576K
}

Dll operation events (11 events):
Event: 0.008 Loaded shared library C:\Users\DELL\Desktop\IDEA-Dev\IDEA-Dev\jdk-21.0.6\bin\java.dll
Event: 0.042 Loaded shared library C:\Users\DELL\Desktop\IDEA-Dev\IDEA-Dev\jdk-21.0.6\bin\jsvml.dll
Event: 0.115 Loaded shared library C:\Users\DELL\Desktop\IDEA-Dev\IDEA-Dev\jdk-21.0.6\bin\net.dll
Event: 0.116 Loaded shared library C:\Users\DELL\Desktop\IDEA-Dev\IDEA-Dev\jdk-21.0.6\bin\nio.dll
Event: 0.119 Loaded shared library C:\Users\DELL\Desktop\IDEA-Dev\IDEA-Dev\jdk-21.0.6\bin\zip.dll
Event: 0.191 Loaded shared library C:\Users\DELL\Desktop\IDEA-Dev\IDEA-Dev\jdk-21.0.6\bin\verify.dll
Event: 0.196 Loaded shared library C:\Users\DELL\Desktop\IDEA-Dev\IDEA-Dev\jdk-21.0.6\bin\jimage.dll
Event: 0.228 Loaded shared library C:\Users\DELL\AppData\Local\Temp\libgdxDELL\e787ab0a\gdx64.dll
Event: 0.269 Loaded shared library C:\Users\DELL\AppData\Local\Temp\lwjglDELL\3.3.1-build-7\lwjgl.dll
Event: 1.705 Loaded shared library C:\Users\DELL\AppData\Local\Temp\lwjglDELL\3.3.1-build-7\lwjgl_opengl.dll
Event: 3.817 Loaded shared library C:\Users\DELL\AppData\Local\Temp\libgdxDELL\888fe1bc\gdx-box2d64.dll

Deoptimization events (20 events):
Event: 19.308 Thread 0x00000249e49ea950 DEOPT PACKING pc=0x00000249f6e8c68c sp=0x000000a525bff160
Event: 19.308 Thread 0x00000249e49ea950 DEOPT UNPACKING pc=0x00000249f66746a2 sp=0x000000a525bff0f8 mode 2
Event: 19.507 Thread 0x00000249e49ea950 DEOPT PACKING pc=0x00000249ef5eca14 sp=0x000000a525bff150
Event: 19.507 Thread 0x00000249e49ea950 DEOPT UNPACKING pc=0x00000249f6674e42 sp=0x000000a525bfe5f0 mode 0
Event: 19.507 Thread 0x00000249e49ea950 DEOPT PACKING pc=0x00000249ef5ecb4f sp=0x000000a525bff150
Event: 19.507 Thread 0x00000249e49ea950 DEOPT UNPACKING pc=0x00000249f6674e42 sp=0x000000a525bfe5f0 mode 0
Event: 19.507 Thread 0x00000249e49ea950 DEOPT PACKING pc=0x00000249ef5ecb4f sp=0x000000a525bff150
Event: 19.507 Thread 0x00000249e49ea950 DEOPT UNPACKING pc=0x00000249f6674e42 sp=0x000000a525bfe5f0 mode 0
Event: 19.623 Thread 0x00000249e49ea950 DEOPT PACKING pc=0x00000249ef5ecadd sp=0x000000a525bff150
Event: 19.623 Thread 0x00000249e49ea950 DEOPT UNPACKING pc=0x00000249f6674e42 sp=0x000000a525bfe5f0 mode 0
Event: 19.624 Thread 0x00000249e49ea950 DEOPT PACKING pc=0x00000249ef5ecbcb sp=0x000000a525bff150
Event: 19.624 Thread 0x00000249e49ea950 DEOPT UNPACKING pc=0x00000249f6674e42 sp=0x000000a525bfe5f0 mode 0
Event: 19.624 Thread 0x00000249e49ea950 DEOPT PACKING pc=0x00000249ef5ecbcb sp=0x000000a525bff150
Event: 19.624 Thread 0x00000249e49ea950 DEOPT UNPACKING pc=0x00000249f6674e42 sp=0x000000a525bfe5f0 mode 0
Event: 19.624 Thread 0x00000249e49ea950 DEOPT PACKING pc=0x00000249ef5ecbcb sp=0x000000a525bff150
Event: 19.624 Thread 0x00000249e49ea950 DEOPT UNPACKING pc=0x00000249f6674e42 sp=0x000000a525bfe5f0 mode 0
Event: 20.274 Thread 0x00000249e49ea950 Uncommon trap: trap_request=0xffffff45 fr.pc=0x00000249f6e9de84 relative=0x0000000000001b64
Event: 20.274 Thread 0x00000249e49ea950 Uncommon trap: reason=unstable_if action=reinterpret pc=0x00000249f6e9de84 method=com.csse3200.game.entities.EntityService.update()V @ 62 c2
Event: 20.274 Thread 0x00000249e49ea950 DEOPT PACKING pc=0x00000249f6e9de84 sp=0x000000a525bff2e0
Event: 20.274 Thread 0x00000249e49ea950 DEOPT UNPACKING pc=0x00000249f66746a2 sp=0x000000a525bff2b8 mode 2

Classes loaded (20 events):
Event: 4.213 Loading class java/io/ClassCache$1
Event: 4.213 Loading class java/io/ClassCache$1 done
Event: 4.213 Loading class java/io/ObjectStreamClass$Caches$2
Event: 4.213 Loading class java/io/ObjectStreamClass$Caches$2 done
Event: 4.214 Loading class java/lang/reflect/Proxy
Event: 4.214 Loading class java/lang/reflect/Proxy done
Event: 4.214 Loading class java/lang/reflect/InvocationHandler
Event: 4.214 Loading class java/lang/reflect/InvocationHandler done
Event: 4.214 Loading class java/lang/reflect/Proxy$1
Event: 4.214 Loading class java/lang/reflect/Proxy$1 done
Event: 4.214 Loading class java/io/ObjectStreamClass$2
Event: 4.214 Loading class java/io/ObjectStreamClass$2 done
Event: 4.214 Loading class java/io/ClassCache$CacheRef
Event: 4.214 Loading class java/io/ClassCache$CacheRef done
Event: 4.214 Loading class java/io/ObjectStreamClass$FieldReflectorKey
Event: 4.214 Loading class java/io/ObjectStreamClass$FieldReflectorKey done
Event: 4.215 Loading class java/io/ObjectStreamClass$FieldReflector
Event: 4.215 Loading class java/io/ObjectStreamClass$FieldReflector done
Event: 4.215 Loading class java/io/ObjectStreamClass$ExceptionInfo
Event: 4.215 Loading class java/io/ObjectStreamClass$ExceptionInfo done

Classes unloaded (0 events):
No events

Classes redefined (0 events):
No events

Internal exceptions (20 events):
Event: 1.699 Thread 0x00000249e49ea950 Exception <a 'java/lang/NoSuchMethodError'{0x00000007168c1710}: 'void java.lang.System.load(java.lang.String, java.lang.Class)'> (0x00000007168c1710) 
thrown [s\open\src\hotspot\share\interpreter\linkResolver.cpp, line 773]
Event: 1.700 Thread 0x00000249e49ea950 Exception <a 'java/lang/NoSuchMethodError'{0x00000007168c40d0}: 'void java.lang.System.loadLibrary(java.lang.String, java.lang.Class)'> (0x00000007168c40d0) 
thrown [s\open\src\hotspot\share\interpreter\linkResolver.cpp, line 773]
Event: 1.703 Thread 0x00000249e49ea950 Exception <a 'sun/nio/fs/WindowsException'{0x00000007168d3c20}> (0x00000007168d3c20) 
thrown [s\open\src\hotspot\share\prims\jni.cpp, line 520]
Event: 1.704 Thread 0x00000249e49ea950 Exception <a 'sun/nio/fs/WindowsException'{0x00000007168d3fb0}> (0x00000007168d3fb0) 
thrown [s\open\src\hotspot\share\prims\jni.cpp, line 520]
Event: 1.706 Thread 0x00000249e49ea950 Exception <a 'sun/nio/fs/WindowsException'{0x00000007168da920}> (0x00000007168da920) 
thrown [s\open\src\hotspot\share\prims\jni.cpp, line 520]
Event: 1.706 Thread 0x00000249e49ea950 Exception <a 'sun/nio/fs/WindowsException'{0x00000007168dabf0}> (0x00000007168dabf0) 
thrown [s\open\src\hotspot\share\prims\jni.cpp, line 520]
Event: 1.994 Thread 0x00000249e49ea950 Exception <a 'java/lang/ClassNotFoundException'{0x000000071644b1f0}: sun/util/logging/resources/spi/loggingProvider> (0x000000071644b1f0) 
thrown [s\open\src\hotspot\share\classfile\systemDictionary.cpp, line 312]
Event: 2.011 Thread 0x00000249e49ea950 Exception <a 'java/io/FileNotFoundException'{0x000000071653b8f0}> (0x000000071653b8f0) 
thrown [s\open\src\hotspot\share\prims\jni.cpp, line 520]
Event: 2.030 Thread 0x00000249e49ea950 Exception <a 'java/lang/NoSuchMethodError'{0x00000007165eea08}: 'int java.lang.invoke.DirectMethodHandle$Holder.invokeVirtual(java.lang.Object, java.lang.Object)'> (0x00000007165eea08) 
thrown [s\open\src\hotspot\share\interpreter\linkResolver.cpp, line 773]
Event: 2.032 Thread 0x00000249e49ea950 Exception <a 'java/lang/NoSuchMethodError'{0x00000007165f8148}: 'java.lang.Object java.lang.invoke.Invokers$Holder.invokeExact_MT(java.lang.Object, java.lang.Object, java.lang.Object, java.lang.Object, java.lang.Object, java.lang.Object)'> (0x00000007165f8148) 
thrown [s\open\src\hotspot\share\interpreter\linkResolver.cpp, line 773]
Event: 2.224 Thread 0x00000249e49ea950 Exception <a 'java/lang/NoSuchMethodError'{0x000000071700d9d0}: 'void java.lang.invoke.Invokers$Holder.invokeExact_MT(java.lang.Object, java.lang.Object, java.lang.Object, java.lang.Object)'> (0x000000071700d9d0) 
thrown [s\open\src\hotspot\share\interpreter\linkResolver.cpp, line 773]
Event: 3.856 Thread 0x00000249e49ea950 Exception <a 'java/lang/NoSuchMethodError'{0x0000000716eae788}: 'void java.lang.invoke.DelegatingMethodHandle$Holder.reinvoke_L(java.lang.Object, java.lang.Object, int)'> (0x0000000716eae788) 
thrown [s\open\src\hotspot\share\interpreter\linkResolver.cpp, line 773]
Event: 3.856 Thread 0x00000249e49ea950 Exception <a 'java/lang/NoSuchMethodError'{0x0000000716eb4fe8}: 'void java.lang.invoke.Invokers$Holder.invokeExact_MT(java.lang.Object, java.lang.Object, int, java.lang.Object)'> (0x0000000716eb4fe8) 
thrown [s\open\src\hotspot\share\interpreter\linkResolver.cpp, line 773]
Event: 4.193 Thread 0x00000249e49ea950 Exception <a 'java/lang/NoSuchMethodError'{0x0000000716b40a10}: 'float java.lang.invoke.DelegatingMethodHandle$Holder.reinvoke_L(java.lang.Object, java.lang.Object)'> (0x0000000716b40a10) 
thrown [s\open\src\hotspot\share\interpreter\linkResolver.cpp, line 773]
Event: 4.194 Thread 0x00000249e49ea950 Exception <a 'java/lang/NoSuchMethodError'{0x0000000716b4a9c8}: 'void java.lang.invoke.DelegatingMethodHandle$Holder.reinvoke_L(java.lang.Object, java.lang.Object, float)'> (0x0000000716b4a9c8) 
thrown [s\open\src\hotspot\share\interpreter\linkResolver.cpp, line 773]
Event: 4.196 Thread 0x00000249e49ea950 Exception <a 'java/lang/NoSuchMethodError'{0x0000000716b5acf8}: 'void java.lang.invoke.DirectMethodHandle$Holder.invokeStatic(java.lang.Object, java.lang.Object, java.lang.Object)'> (0x0000000716b5acf8) 
thrown [s\open\src\hotspot\share\interpreter\linkResolver.cpp, line 773]
Event: 4.247 Thread 0x00000249e49ea950 Exception <a 'java/lang/NoSuchMethodError'{0x0000000716872500}: 'void java.lang.invoke.DirectMethodHandle$Holder.invokeVirtual(java.lang.Object, java.lang.Object, int)'> (0x0000000716872500) 
thrown [s\open\src\hotspot\share\interpreter\linkResolver.cpp, line 773]
Event: 4.249 Thread 0x00000249e49ea950 Exception <a 'java/lang/NoSuchMethodError'{0x000000071687b070}: 'void java.lang.invoke.DirectMethodHandle$Holder.invokeVirtual(java.lang.Object, java.lang.Object)'> (0x000000071687b070) 
thrown [s\open\src\hotspot\share\interpreter\linkResolver.cpp, line 773]
Event: 4.264 Thread 0x00000249e49ea950 Exception <a 'java/lang/NoSuchMethodError'{0x00000007169189e0}: 'void java.lang.invoke.DirectMethodHandle$Holder.invokeStatic(java.lang.Object, java.lang.Object, java.lang.Object, java.lang.Object)'> (0x00000007169189e0) 
thrown [s\open\src\hotspot\share\interpreter\linkResolver.cpp, line 773]
Event: 4.265 Thread 0x00000249e49ea950 Exception <a 'java/lang/NoSuchMethodError'{0x00000007169203f0}: 'int java.lang.invoke.DirectMethodHandle$Holder.invokeInterface(java.lang.Object, java.lang.Object)'> (0x00000007169203f0) 
thrown [s\open\src\hotspot\share\interpreter\linkResolver.cpp, line 773]

ZGC Phase Switch (0 events):
No events

VM Operations (20 events):
Event: 7.859 Executing VM operation: Cleanup
Event: 7.859 Executing VM operation: Cleanup done
Event: 8.859 Executing VM operation: Cleanup
Event: 8.859 Executing VM operation: Cleanup done
Event: 9.859 Executing VM operation: Cleanup
Event: 9.859 Executing VM operation: Cleanup done
Event: 11.859 Executing VM operation: Cleanup
Event: 11.859 Executing VM operation: Cleanup done
Event: 12.859 Executing VM operation: Cleanup
Event: 12.859 Executing VM operation: Cleanup done
Event: 14.860 Executing VM operation: Cleanup
Event: 14.860 Executing VM operation: Cleanup done
Event: 15.860 Executing VM operation: Cleanup
Event: 15.860 Executing VM operation: Cleanup done
Event: 17.861 Executing VM operation: Cleanup
Event: 17.861 Executing VM operation: Cleanup done
Event: 18.861 Executing VM operation: Cleanup
Event: 18.861 Executing VM operation: Cleanup done
Event: 19.862 Executing VM operation: Cleanup
Event: 19.862 Executing VM operation: Cleanup done

Events (20 events):
Event: 2.432 Thread 0x00000249ce5ccc10 Thread exited: 0x00000249ce5ccc10
Event: 2.619 Thread 0x00000249ce6f4c60 Thread added: 0x00000249ce6f4c60
Event: 3.822 Thread 0x00000249ce6f8e00 Thread added: 0x00000249ce6f8e00
Event: 4.152 Thread 0x00000249cea85650 Thread added: 0x00000249cea85650
Event: 5.303 Thread 0x00000249cea85650 Thread exited: 0x00000249cea85650
Event: 8.242 Thread 0x00000249877e1740 Thread added: 0x00000249877e1740
Event: 8.242 Thread 0x00000249877e1de0 Thread added: 0x00000249877e1de0
Event: 8.369 Thread 0x00000249877e1de0 Thread exited: 0x00000249877e1de0
Event: 8.369 Thread 0x00000249ce6b8910 Thread exited: 0x00000249ce6b8910
Event: 8.370 Thread 0x00000249ce6b8270 Thread exited: 0x00000249ce6b8270
Event: 8.536 Thread 0x00000249877e1740 Thread exited: 0x00000249877e1740
Event: 9.374 Thread 0x000002498719ef30 Thread exited: 0x000002498719ef30
Event: 9.692 Thread 0x000002498719ef30 Thread added: 0x000002498719ef30
Event: 9.692 Thread 0x0000024a000086c0 Thread added: 0x0000024a000086c0
Event: 9.693 Thread 0x00000249877e1740 Thread added: 0x00000249877e1740
Event: 9.808 Thread 0x0000024a000086c0 Thread exited: 0x0000024a000086c0
Event: 9.808 Thread 0x00000249877e1740 Thread exited: 0x00000249877e1740
Event: 10.324 Thread 0x000002498719ef30 Thread exited: 0x000002498719ef30
Event: 13.675 Thread 0x00000249ce65a180 Thread added: 0x00000249ce65a180
Event: 14.857 Thread 0x00000249ce65a180 Thread exited: 0x00000249ce65a180


Dynamic libraries:
0x00007ff621fc0000 - 0x00007ff621fd0000 	C:\Users\DELL\Desktop\IDEA-Dev\IDEA-Dev\jdk-21.0.6\bin\java.exe
0x00007ff8e0660000 - 0x00007ff8e08c6000 	C:\WINDOWS\SYSTEM32\ntdll.dll
0x00007ff8df0f0000 - 0x00007ff8df1b9000 	C:\WINDOWS\System32\KERNEL32.DLL
0x00007ff8ddf80000 - 0x00007ff8de37f000 	C:\WINDOWS\System32\KERNELBASE.dll
0x00007ff8ddb70000 - 0x00007ff8ddcbc000 	C:\WINDOWS\System32\ucrtbase.dll
0x00007ff8cbcc0000 - 0x00007ff8cbcd9000 	C:\Users\DELL\Desktop\IDEA-Dev\IDEA-Dev\jdk-21.0.6\bin\jli.dll
0x00007ff8cb1e0000 - 0x00007ff8cb1fb000 	C:\Users\DELL\Desktop\IDEA-Dev\IDEA-Dev\jdk-21.0.6\bin\VCRUNTIME140.dll
0x00007ff8dea90000 - 0x00007ff8deb4c000 	C:\WINDOWS\System32\ADVAPI32.dll
0x00007ff8de9d0000 - 0x00007ff8dea79000 	C:\WINDOWS\System32\msvcrt.dll
0x00007ff8df390000 - 0x00007ff8df43a000 	C:\WINDOWS\System32\sechost.dll
0x00007ff8de480000 - 0x00007ff8de598000 	C:\WINDOWS\System32\RPCRT4.dll
0x00007ff8df1c0000 - 0x00007ff8df386000 	C:\WINDOWS\System32\USER32.dll
0x00007ff8dd9b0000 - 0x00007ff8dd9d7000 	C:\WINDOWS\System32\win32u.dll
0x00007ff8df6e0000 - 0x00007ff8df70b000 	C:\WINDOWS\System32\GDI32.dll
0x00007ff892460000 - 0x00007ff8926f1000 	C:\WINDOWS\WinSxS\amd64_microsoft.windows.common-controls_6595b64144ccf1df_6.0.26100.8972_none_3e0da176e32f9d4b\COMCTL32.dll
0x00007ff8dde50000 - 0x00007ff8ddf79000 	C:\WINDOWS\System32\gdi32full.dll
0x00007ff8dd900000 - 0x00007ff8dd9a3000 	C:\WINDOWS\System32\msvcp_win.dll
0x00007ff8ce850000 - 0x00007ff8ce85b000 	C:\WINDOWS\SYSTEM32\VERSION.dll
0x00007ff8de5a0000 - 0x00007ff8de5d2000 	C:\WINDOWS\System32\IMM32.DLL
0x00007ff8d0d00000 - 0x00007ff8d0d0c000 	C:\Users\DELL\Desktop\IDEA-Dev\IDEA-Dev\jdk-21.0.6\bin\vcruntime140_1.dll
0x00007ff8bd390000 - 0x00007ff8bd41e000 	C:\Users\DELL\Desktop\IDEA-Dev\IDEA-Dev\jdk-21.0.6\bin\msvcp140.dll
0x00007fffbb520000 - 0x00007fffbc23a000 	C:\Users\DELL\Desktop\IDEA-Dev\IDEA-Dev\jdk-21.0.6\bin\server\jvm.dll
0x00007ff8df440000 - 0x00007ff8df4c2000 	C:\WINDOWS\System32\WS2_32.dll
0x00007ff8dd6d0000 - 0x00007ff8dd72e000 	C:\WINDOWS\SYSTEM32\POWRPROF.dll
0x00007ff8cb730000 - 0x00007ff8cb766000 	C:\WINDOWS\SYSTEM32\WINMM.dll
0x00007ff8dd6b0000 - 0x00007ff8dd6c5000 	C:\WINDOWS\SYSTEM32\UMPDC.dll
0x00007ff8dc560000 - 0x00007ff8dc57b000 	C:\WINDOWS\SYSTEM32\kernel.appcore.dll
0x00007ff8ce880000 - 0x00007ff8ce88a000 	C:\Users\DELL\Desktop\IDEA-Dev\IDEA-Dev\jdk-21.0.6\bin\jimage.dll
0x00007ff8daf70000 - 0x00007ff8db1b2000 	C:\WINDOWS\SYSTEM32\DBGHELP.DLL
0x00007ff8e0150000 - 0x00007ff8e04d5000 	C:\WINDOWS\System32\combase.dll
0x00007ff8de5e0000 - 0x00007ff8de6b9000 	C:\WINDOWS\System32\OLEAUT32.dll
0x00007ff8b9400000 - 0x00007ff8b943b000 	C:\WINDOWS\SYSTEM32\dbgcore.DLL
0x00007ff8ddd90000 - 0x00007ff8dde3c000 	C:\WINDOWS\System32\bcryptPrimitives.dll
0x00007ff8cb1c0000 - 0x00007ff8cb1df000 	C:\Users\DELL\Desktop\IDEA-Dev\IDEA-Dev\jdk-21.0.6\bin\java.dll
0x00007ff8df8d0000 - 0x00007ff8e0058000 	C:\WINDOWS\System32\SHELL32.dll
0x00007ff8db300000 - 0x00007ff8dbb9b000 	C:\WINDOWS\SYSTEM32\windows.storage.dll
0x00007ff8deff0000 - 0x00007ff8df0e9000 	C:\WINDOWS\System32\SHCORE.dll
0x00007ff8e04f0000 - 0x00007ff8e0556000 	C:\WINDOWS\System32\shlwapi.dll
0x00007ff8dd790000 - 0x00007ff8dd7b9000 	C:\WINDOWS\SYSTEM32\profapi.dll
0x00007ff87c410000 - 0x00007ff87c4e7000 	C:\Users\DELL\Desktop\IDEA-Dev\IDEA-Dev\jdk-21.0.6\bin\jsvml.dll
0x00007ff8c3540000 - 0x00007ff8c3550000 	C:\Users\DELL\Desktop\IDEA-Dev\IDEA-Dev\jdk-21.0.6\bin\net.dll
0x00007ff8cea10000 - 0x00007ff8ceb38000 	C:\WINDOWS\SYSTEM32\WINHTTP.dll
0x00007ff8dcb10000 - 0x00007ff8dcb7c000 	C:\WINDOWS\system32\mswsock.dll
0x00007ff8c0ed0000 - 0x00007ff8c0ee6000 	C:\Users\DELL\Desktop\IDEA-Dev\IDEA-Dev\jdk-21.0.6\bin\nio.dll
0x00007ff8c10b0000 - 0x00007ff8c10c8000 	C:\Users\DELL\Desktop\IDEA-Dev\IDEA-Dev\jdk-21.0.6\bin\zip.dll
0x00007ff8c10a0000 - 0x00007ff8c10b0000 	C:\Users\DELL\Desktop\IDEA-Dev\IDEA-Dev\jdk-21.0.6\bin\verify.dll
0x0000000054180000 - 0x00000000541a9000 	C:\Users\DELL\AppData\Local\Temp\libgdxDELL\e787ab0a\gdx64.dll
0x00007ff8b0ca0000 - 0x00007ff8b0d15000 	C:\Users\DELL\AppData\Local\Temp\lwjglDELL\3.3.1-build-7\lwjgl.dll
0x00007ff85c440000 - 0x00007ff85c699000 	C:\Users\DELL\AppData\Local\Temp\lwjglDELL\3.3.1-build-7\jemalloc.dll
0x00007ff8c0590000 - 0x00007ff8c05f1000 	C:\Users\DELL\AppData\Local\Temp\lwjglDELL\3.3.1-build-7\glfw.dll
0x00007ff8cbe10000 - 0x00007ff8cbe5b000 	C:\WINDOWS\SYSTEM32\dinput8.dll
0x00007ff8d1210000 - 0x00007ff8d122b000 	C:\WINDOWS\SYSTEM32\xinput1_4.dll
0x00007ff8dd460000 - 0x00007ff8dd4b2000 	C:\WINDOWS\SYSTEM32\cfgmgr32.dll
0x00007ff8dd400000 - 0x00007ff8dd42f000 	C:\WINDOWS\SYSTEM32\DEVOBJ.dll
0x00007ff8d3b70000 - 0x00007ff8d3b9f000 	C:\WINDOWS\SYSTEM32\dwmapi.dll
0x00007ff8951b0000 - 0x00007ff895393000 	C:\WINDOWS\SYSTEM32\inputhost.dll
0x00007ff8d31b0000 - 0x00007ff8d32db000 	C:\WINDOWS\SYSTEM32\CoreMessaging.dll
0x00007ff8d37e0000 - 0x00007ff8d3888000 	C:\WINDOWS\system32\uxtheme.dll
0x00007ff8de860000 - 0x00007ff8de9bd000 	C:\WINDOWS\System32\MSCTF.dll
0x00007ff8dce20000 - 0x00007ff8dce2c000 	C:\WINDOWS\SYSTEM32\CRYPTBASE.DLL
0x00007ff87eaa0000 - 0x00007ff87ec37000 	C:\Users\DELL\AppData\Local\Temp\lwjglDELL\3.3.1-build-7\OpenAL.dll
0x00007ff8de6c0000 - 0x00007ff8de859000 	C:\WINDOWS\System32\ole32.dll
0x00007ff8df810000 - 0x00007ff8df8be000 	C:\WINDOWS\System32\clbcatq.dll
0x00007ff8cd0f0000 - 0x00007ff8cd196000 	C:\WINDOWS\System32\MMDevApi.dll
0x00007ff8c25e0000 - 0x00007ff8c2797000 	C:\WINDOWS\SYSTEM32\AUDIOSES.DLL
0x00007ff8d3ed0000 - 0x00007ff8d3ee4000 	C:\WINDOWS\SYSTEM32\resourcepolicyclient.dll
0x00007fffd8c60000 - 0x00007fffd8d6c000 	C:\WINDOWS\SYSTEM32\opengl32.dll
0x00007fffd8c20000 - 0x00007fffd8c4d000 	C:\WINDOWS\SYSTEM32\GLU32.dll
0x00007ff8d3b20000 - 0x00007ff8d3b65000 	C:\WINDOWS\SYSTEM32\dxcore.dll
0x00007ff8cfbe0000 - 0x00007ff8cfc3f000 	C:\WINDOWS\SYSTEM32\directxdatabasehelper.dll
0x00007ff8b80f0000 - 0x00007ff8b810f000 	C:\WINDOWS\SYSTEM32\windows.staterepositorycore.dll
0x00007fffa1280000 - 0x00007fffa2792000 	C:\WINDOWS\System32\DriverStore\FileRepository\iigd_dch.inf_amd64_426e488c4641288f\igxelpgicd64.dll
0x00007ff8d1540000 - 0x00007ff8d167a000 	C:\WINDOWS\SYSTEM32\dxgi.dll
0x00007ff853150000 - 0x00007ff853173000 	C:\WINDOWS\SYSTEM32\d3d12.dll
0x00007ff8bdcf0000 - 0x00007ff8bde8b000 	C:\WINDOWS\System32\DriverStore\FileRepository\iigd_dch.inf_amd64_426e488c4641288f\igdml64.dll
0x00007ff8bea30000 - 0x00007ff8bedb6000 	C:\WINDOWS\System32\DriverStore\FileRepository\iigd_dch.inf_amd64_426e488c4641288f\igdgmm64.dll
0x00007ff8c3880000 - 0x00007ff8c8a1a000 	C:\WINDOWS\System32\DriverStore\FileRepository\iigd_dch.inf_amd64_426e488c4641288f\igc64.dll
0x00007ff8c0810000 - 0x00007ff8c086d000 	C:\Users\DELL\AppData\Local\Temp\lwjglDELL\3.3.1-build-7\lwjgl_opengl.dll
0x00007ff8bc150000 - 0x00007ff8bc296000 	C:\WINDOWS\SYSTEM32\textinputframework.dll
0x00007ff8cefb0000 - 0x00007ff8cf294000 	C:\WINDOWS\SYSTEM32\CoreUIComponents.dll
0x00007ff8cfc90000 - 0x00007ff8cfdfa000 	C:\WINDOWS\SYSTEM32\wintypes.dll
0x0000000054120000 - 0x000000005417a000 	C:\Users\DELL\AppData\Local\Temp\libgdxDELL\888fe1bc\gdx-box2d64.dll

dbghelp: loaded successfully - version: 4.0.5 - missing functions: none
symbol engine: initialized successfully - sym options: 0x614 - pdb path: .;C:\Users\DELL\Desktop\IDEA-Dev\IDEA-Dev\jdk-21.0.6\bin;C:\WINDOWS\SYSTEM32;C:\WINDOWS\WinSxS\amd64_microsoft.windows.common-controls_6595b64144ccf1df_6.0.26100.8972_none_3e0da176e32f9d4b;C:\Users\DELL\Desktop\IDEA-Dev\IDEA-Dev\jdk-21.0.6\bin\server;C:\Users\DELL\AppData\Local\Temp\libgdxDELL\e787ab0a;C:\Users\DELL\AppData\Local\Temp\lwjglDELL\3.3.1-build-7;C:\WINDOWS\System32\DriverStore\FileRepository\iigd_dch.inf_amd64_426e488c4641288f;C:\Users\DELL\AppData\Local\Temp\libgdxDELL\888fe1bc

VM Arguments:
jvm_args: -Dfile.encoding=UTF-8 -Duser.country=CN -Duser.language=zh -Duser.variant 
java_command: com.csse3200.game.desktop.DesktopLauncher
java_class_path (initial): C:\Users\DELL\2026-studio-4\source\desktop\build\classes\java\main;C:\Users\DELL\2026-studio-4\source\desktop\build\resources\main;C:\Users\DELL\.gradle\caches\modules-2\files-2.1\com.badlogicgames.gdx\gdx-backend-lwjgl3\1.11.0\58a96db4cd349be4292d547856aa1e1c5f065f4e\gdx-backend-lwjgl3-1.11.0.jar;C:\Users\DELL\.gradle\caches\modules-2\files-2.1\com.badlogicgames.gdx\gdx-platform\1.11.0\697fb13eada6d3c6ca648c9788692b0159add126\gdx-platform-1.11.0-natives-desktop.jar;C:\Users\DELL\.gradle\caches\modules-2\files-2.1\com.badlogicgames.gdx\gdx-box2d-platform\1.11.0\62ff9baa1e57a11e0a4428a38c9660bf9f312fdc\gdx-box2d-platform-1.11.0-natives-desktop.jar;C:\Users\DELL\.gradle\caches\modules-2\files-2.1\com.badlogicgames.gdx\gdx-tools\1.11.0\a5d30eafd0f2fbab314efdf6d98ebc27388b7c0a\gdx-tools-1.11.0.jar;C:\Users\DELL\.gradle\caches\modules-2\files-2.1\com.badlogicgames.gdx-controllers\gdx-controllers-desktop\2.2.2\625b3bdbe803e9c4af181b4791202cfcf776d805\gdx-controllers-desktop-2.2.2.jar;C:\Users\DELL\2026-studio-4\source\core\build\libs\core-1.0.jar;C:\Users\DELL\.gradle\caches\modules-2\files-2.1\com.badlogicgames.gdx\gdx-backend-lwjgl\1.11.0\33555a2cf8b4d9db4122b2fe42e7674b343d8b4\gdx-backend-lwjgl-1.11.0.jar;C:\Users\DELL\.gradle\caches\modules-2\files-2.1\com.badlogicgames.gdx\gdx-freetype\1.11.0\a3634ad2e6c56d251268d6ab5c0f66eee2841f2c\gdx-freetype-1.11.0.jar;C:\Users\DELL\.gradle\caches\modules-2\files-2.1\com.badlogicgames.gdx\gdx-backend-headless\1.11.0\3c3d0c951db72891d894df1725d09179fd0bca00\gdx-backend-headless-1.11.0.jar;C:\Users\DELL\.gradle\caches\modules-2\files-2.1\com.badlogicgames.gdx-controllers\gdx-controllers-core\2.2.2\25473efe9273912a03a4871a9e1469b41d86face\gdx-controllers-core-2.2.2.jar;C:\Users\DELL\.gradle\caches\modules-2\files-2.1\net.dermetfan.libgdx-utils\libgdx-utils-box2d\0.13.4\918d79a20ea3c898cdb3611782c5b2bfa6ec575b\libgdx-utils-box2d-0.13.4.jar;C:\Users\DELL\.gradle\caches\modules-2\files-2.1\com.badlogicgames.gdx\gdx-box2d\1.11.0\ad4facee800dd945d6d6e93dea2936bc135b5f\gdx-box2d-1.11.0.jar;C:\Users\DELL\.gradle\caches\modules-2\files-2.1\net.dermetfan.libgdx-utils\libgdx-utils\0.13.4\27affad2873d1c9c366a2290fc51f3927f3a5f83\libgdx-utils-0.13.4.jar;C:\Users\DELL\.gradle\caches\modules-2\files-2.1\com.badlogicgames.gdx\gdx\1.11.0\ffe1206d1004cd9e40027e28964be0fea0399af7\gdx-1.11.0.jar;C:\Users\DELL\.gradle\caches\modules-2\files-2.1\org.lwjgl\lwjgl-glfw\3.3.1\cbac1b8d30cb4795149c1ef540f912671a8616d0\lwjgl-glfw-3.3.1.jar;C:\Users\DELL\.gradle\caches\modules-2\files-2.1\org.lwjgl\lwjgl-glfw\3.3.1\81716978214ecbda15050ca394b06ef61501a49e\lwjgl-glfw-3.3.1-natives-linux.jar;C:\Users\DELL\.gradle\caches\modules-2\files-2.1\org.lwjgl\lwjgl-glfw\3.3.1\816d935933f2dd743074c4e717cc25b55720f294\lwjgl-glfw-3.3.1-natives-linux-arm32.jar;C:\Users\DELL\.gradle\caches\modules-2\files-2.1\org.lwjgl\lwjgl-glfw\3.3.1\513eb39b866d0fe131a18d5c517087805433b029\lwjgl-glfw-3.3.1-natives-linux-arm64.jar;C:\Users\DELL\.gradle\caches\modules-2\files-2.1\org.lwjgl\lwjgl-glfw\3.3.1\9ec4ce1fc8c85fdef03ef4ff2aace6f5775fb280\lwjgl-glfw-3.3.1-natives-macos.jar;C:\Users\DELL\.gradle\caches\modules-2\files-2.1\org.lwjgl\lwjgl-glfw\3.3.1\cac0d3f712a3da7641fa174735a5f315de7ffe0a\lwjgl-glfw-3.3.1-natives-macos-arm64.jar;C:\Users\DELL\.gradle\caches\modules-2\files-2.1\org.lwjgl\lwjgl-glfw\3.3.1\ed892f945cf7e79c8756796f32d00fa4ceaf573b\lwjgl-glfw-3.3.1-natives-windows.jar;C:\Users\DELL\.gradle\caches\modules-2\files-2.1\org.lwjgl\lwjgl-glfw\3.3.1\b997e3391d6ce8f05487e7335d95c606043884a1\lwjgl-glfw-3.3.1-natives-windows-x86.jar;C:\Users\DELL\.gradle\caches\modules-2\files-2.1\org.lwjgl\lwjgl-jemalloc\3.3.1\a817bcf213db49f710603677457567c37d53e103\lwjgl-jemalloc-3.3.1.jar;C:\Users\DELL\.gradle\caches\modules-2\files-2.1\org.lwjgl\lwjgl-jemalloc\3.3.1\33dbb017b6ed6b25f993ad9d56741a49e7937718\lwjgl-jemalloc-3.3.1-natives-linux.jar;C:\Users\DELL\.gradle\caches\modules-2\files-2.1\org.lwjgl\lwjgl-jemalloc\3.3.1\a96a6d6cb3876d7813fcee53c3c24f246aeba3b3\lwjgl-jemalloc-3.3.1-natives-linux-arm32.jar;C:\Users\DELL\.gradle\caches\modules-2\files-2.1\org.lwjgl\lwjgl-jemalloc\3.3.1\c6606e57db075ad218a2e78d2416c159a53b6a0c\lwjgl-jemalloc-3.3.1-natives-linux-arm64.jar;C:\Users\DELL\.gradle\caches\modules-2\files-2.1\org.lwjgl\lwjgl-jemalloc\3.3.1\56424dc8db3cfb8e7b594aa6d59a4f4387b7f544\lwjgl-jemalloc-3.3.1-natives-macos.jar;C:\Users\DELL\.gradle\caches\modules-2\files-2.1\org.lwjgl\lwjgl-jemalloc\3.3.1\e577b87d8ad2ade361aaea2fcf226c660b15dee8\lwjgl-jemalloc-3.3.1-natives-macos-arm64.jar;C:\Users\DELL\.gradle\caches\modules-2\files-2.1\org.lwjgl\lwjgl-jemalloc\3.3.1\948a89b76a16aa324b046ae9308891216ffce5f9\lwjgl-jemalloc-3.3.1-natives-windows.jar;C:\Users\DELL\.gradle\caches\modules-2\files-2.1\org.lwjgl\lwjgl-jemalloc\3.3.1\fb476c8ec110e1c137ad3ce8a7f7bfe6b11c6324\lwjgl-jemalloc-3.3.1-natives-windows-x86.jar;C:\Users\DELL\.gradle\caches\modules-2\files-2.1\org.lwjgl\lwjgl-openal\3.3.1\2623a6b8ae1dfcd880738656a9f0243d2e6840bd\lwjgl-openal-3.3.1.jar;C:\Users\DELL\.gradle\caches\modules-2\files-2.1\org.lwjgl\lwjgl-openal\3.3.1\f906b6439f6daa66001182ea7727e3467a93681b\lwjgl-openal-3.3.1-natives-linux.jar;C:\Users\DELL\.gradle\caches\modules-2\files-2.1\org.lwjgl\lwjgl-openal\3.3.1\ffbe35d7fa5ec9b7eca136a7c71f24d4025a510b\lwjgl-openal-3.3.1-natives-linux-arm32.jar;C:\Users\DELL\.gradle\caches\modules-2\files-2.1\org.lwjgl\lwjgl-openal\3.3.1\cf4e303257e82981b8b2e31bba3d7f8f7b8f42b2\lwjgl-openal-3.3.1-natives-linux-arm64.jar;C:\Users\DELL\.gradle\caches\modules-2\files-2.1\org.lwjgl\lwjgl-openal\3.3.1\3a57b8911835fb58b5e558d0ca0d28157e263d45\lwjgl-openal-3.3.1-natives-macos.jar;C:\Users\DELL\.gradle\caches\modules-2\files-2.1\org.lwjgl\lwjgl-openal\3.3.1\23d55e7490b57495320f6c9e1936d78fd72c4ef8\lwjgl-openal-3.3.1-natives-macos-arm64.jar;C:\Users\DELL\.gradle\caches\modules-2\files-2.1\org.lwjgl\lwjgl-openal\3.3.1\30a474d0e57193d7bc128849a3ab66bc9316fdb1\lwjgl-openal-3.3.1-natives-windows.jar;C:\Users\DELL\.gradle\caches\modules-2\files-2.1\org.lwjgl\lwjgl-openal\3.3.1\888349f7b1be6fbae58bf8edfb9ef12def04c4e3\lwjgl-openal-3.3.1-natives-windows-x86.jar;C:\Users\DELL\.gradle\caches\modules-2\files-2.1\org.lwjgl\lwjgl-opengl\3.3.1\831a5533a21a5f4f81bbc51bb13e9899319b5411\lwjgl-opengl-3.3.1.jar;C:\Users\DELL\.gradle\caches\modules-2\files-2.1\org.lwjgl\lwjgl-opengl\3.3.1\ab9ab6fde3743e3550fa5d46d785ecb45b047d99\lwjgl-opengl-3.3.1-natives-linux.jar;C:\Users\DELL\.gradle\caches\modules-2\files-2.1\org.lwjgl\lwjgl-opengl\3.3.1\e3550fa91097fd56e361b4370fa822220fef3595\lwjgl-opengl-3.3.1-natives-linux-arm32.jar;C:\Users\DELL\.gradle\caches\modules-2\files-2.1\org.lwjgl\lwjgl-opengl\3.3.1\1c528fb258a6e63e8fceb4482d8db0f3af10a634\lwjgl-opengl-3.3.1-natives-linux-arm64.jar;C:\Users\DELL\.gradle\caches\modules-2\files-2.1\org.lwjgl\lwjgl-opengl\3.3.1\a0d12697ea019a7362eff26475b0531340e876a6\lwjgl-opengl-3.3.1-natives-macos.jar;C:\Users\DELL\.gradle\caches\modules-2\files-2.1\org.lwjgl\lwjgl-opengl\3.3.1\eafe34b871d966292e8db0f1f3d6b8b110d4e91d\lwjgl-opengl-3.3.1-natives-macos-arm64.jar;C:\Users\DELL\.gradle\caches\modules-2\files-2.1\org.lwjgl\lwjgl-opengl\3.3.1\c1807e9bd571402787d7e37e3029776ae2513bb8\lwjgl-opengl-3.3.1-natives-windows.jar;C:\Users\DELL\.gradle\caches\modules-2\files-2.1\org.lwjgl\lwjgl-opengl\3.3.1\deef3eb9b178ff2ff3ce893cc72ae741c3a17974\lwjgl-opengl-3.3.1-natives-windows-x86.jar;C:\Users\DELL\.gradle\caches\modules-2\files-2.1\org.lwjgl\lwjgl-stb\3.3.1\b119297cf8ed01f247abe8685857f8e7fcf5980f\lwjgl-stb-3.3.1.jar;C:\Users\DELL\.gradle\caches\modules-2\files-2.1\org.lwjgl\lwjgl-stb\3.3.1\3ee7aec8686e52867677110415566a5342a80230\lwjgl-stb-3.3.1-natives-linux.jar;C:\Users\DELL\.gradle\caches\modules-2\files-2.1\org.lwjgl\lwjgl-stb\3.3.1\b08226bab162c06ae69337d8a1b0ee0a3fdf0b90\lwjgl-stb-3.3.1-natives-linux-arm32.jar;C:\Users\DELL\.gradle\caches\modules-2\files-2.1\org.lwjgl\lwjgl-stb\3.3.1\8e8348a1813aad7f30aaf75ea197151ebb7beba9\lwjgl-stb-3.3.1-natives-linux-arm64.jar;C:\Users\DELL\.gradle\caches\modules-2\files-2.1\org.lwjgl\lwjgl-stb\3.3.1\def8879b8d38a47a4cc1d48b1f9a7b772e51258e\lwjgl-stb-3.3.1-natives-macos.jar;C:\Users\DELL\.gradle\caches\modules-2\files-2.1\org.lwjgl\lwjgl-stb\3.3.1\fcf073ed911752abdca5f0b00a53cfdf17ff8e8b\lwjgl-stb-3.3.1-natives-macos-arm64.jar;C:\Users\DELL\.gradle\caches\modules-2\files-2.1\org.lwjgl\lwjgl-stb\3.3.1\86315914ac119efdb02dc9e8e978ade84f1702af\lwjgl-stb-3.3.1-natives-windows.jar;C:\Users\DELL\.gradle\caches\modules-2\files-2.1\org.lwjgl\lwjgl-stb\3.3.1\a8d41f419eecb430b7c91ea2ce2c5c451cae2091\lwjgl-stb-3.3.1-natives-windows-x86.jar;C:\Users\DELL\.gradle\caches\modules-2\files-2.1\org.lwjgl\lwjgl\3.3.1\ae58664f88e18a9bb2c77b063833ca7aaec484cb\lwjgl-3.3.1.jar;C:\Users\DELL\.gradle\caches\modules-2\files-2.1\org.lwjgl\lwjgl\3.3.1\1de885aba434f934201b99f2f1afb142036ac189\lwjgl-3.3.1-natives-linux.jar;C:\Users\DELL\.gradle\caches\modules-2\files-2.1\org.lwjgl\lwjgl\3.3.1\41a3c1dd15d6b964eb8196dde69720a3e3e5e969\lwjgl-3.3.1-natives-linux-arm32.jar;C:\Users\DELL\.gradle\caches\modules-2\files-2.1\org.lwjgl\lwjgl\3.3.1\b597401014acb7196c76d97e15a6288f54f1f692\lwjgl-3.3.1-natives-linux-arm64.jar;C:\Users\DELL\.gradle\caches\modules-2\files-2.1\org.lwjgl\lwjgl\3.3.1\fc6bb723dec2cd031557dccb2a95f0ab80acb9db\lwjgl-3.3.1-natives-macos.jar;C:\Users\DELL\.gradle\caches\modules-2\files-2.1\org.lwjgl\lwjgl\3.3.1\71d0d5e469c9c95351eb949064497e3391616ac9\lwjgl-3.3.1-natives-macos-arm64.jar;C:\Users\DELL\.gradle\caches\modules-2\files-2.1\org.lwjgl\lwjgl\3.3.1\36c37f16ab611b3aa11f3bcf80b1d509b4ce6b\lwjgl-3.3.1-natives-windows.jar;C:\Users\DELL\.gradle\caches\modules-2\files-2.1\org.lwjgl\lwjgl\3.3.1\3b14f4beae9dd39791ec9e12190a9380cd8a3ce6\lwjgl-3.3.1-natives-windows-x86.jar;C:\Users\DELL\.gradle\caches\modules-2\files-2.1\com.badlogicgames.jlayer\jlayer\1.0.1-gdx\7cca83cec5c1b2f011362f4d85aabd71a73b049d\jlayer-1.0.1-gdx.jar;C:\Users\DELL\.gradle\caches\modules-2\files-2.1\org.jcraft\jorbis\0.0.17\8872d22b293e8f5d7d56ff92be966e6dc28ebdc6\jorbis-0.0.17.jar;C:\Users\DELL\.gradle\caches\modules-2\files-2.1\com.badlogicgames.jamepad\jamepad\2.0.20.0\55eb0007fd55c9914d106dac3387b9d444572cab\jamepad-2.0.20.0.jar;C:\Users\DELL\.gradle\caches\modules-2\files-2.1\org.slf4j\slf4j-jdk14\1.7.36\4a18af6554bfe48b0f76eec98119c417da23c7e1\slf4j-jdk14-1.7.36.jar;C:\Users\DELL\.gradle\caches\modules-2\files-2.1\org.slf4j\slf4j-api\1.7.36\6c62681a2f655b49963a5983b8b0950a6120ae14\slf4j-api-1.7.36.jar;C:\Users\DELL\.gradle\caches\modules-2\files-2.1\com.badlogicgames.gdx\gdx-jnigen-loader\2.3.1\2d472f69243631fbcb3d4c3f93dd2e137a6cb084\gdx-jnigen-loader-2.3.1.jar;C:\Users\DELL\.gradle\caches\modules-2\files-2.1\org.lwjgl.lwjgl\lwjgl\2.9.3\3df168ac74e4a8c96562cdff24ad352e255bf89c\lwjgl-2.9.3.jar;C:\Users\DELL\.gradle\caches\modules-2\files-2.1\org.lwjgl.lwjgl\lwjgl-platform\2.9.3\fbc2afb3e288578e9942578decb6291a490549a0\lwjgl-platform-2.9.3-natives-windows.jar;C:\Users\DELL\.gradle\caches\modules-2\files-2.1\org.lwjgl.lwjgl\lwjgl-platform\2.9.3\b1eafe80093381c56415731e1d64279e6140bcd0\lwjgl-platform-2.9.3-natives-linux.jar;C:\Users\DELL\.gradle\caches\modules-2\files-2.1\org.lwjgl.lwjgl\lwjgl-platform\2.9.3\6686cf6ddaa20b4290aa6599a09bc0d17369be05\lwjgl-platform-2.9.3-natives-osx.jar;C:\Users\DELL\.gradle\caches\modules-2\files-2.1\net.java.jinput\jinput\2.0.5\39c7796b469a600f72380316f6b1f11db6c2c7c4\jinput-2.0.5.jar;C:\Users\DELL\.gradle\caches\modules-2\files-2.1\net.java.jutils\jutils\1.0.0\e12fe1fda814bd348c1579329c86943d2cd3c6a6\jutils-1.0.0.jar;C:\Users\DELL\.gradle\caches\modules-2\files-2.1\net.java.jinput\jinput-platform\2.0.5\7ff832a6eb9ab6a767f1ade2b548092d0fa64795\jinput-platform-2.0.5-natives-linux.jar;C:\Users\DELL\.gradle\caches\modules-2\files-2.1\net.java.jinput\jinput-platform\2.0.5\385ee093e01f587f30ee1c8a2ee7d408fd732e16\jinput-platform-2.0.5-natives-windows.jar;C:\Users\DELL\.gradle\caches\modules-2\files-2.1\net.java.jinput\jinput-platform\2.0.5\53f9c919f34d2ca9de8c51fc4e1e8282029a9232\jinput-platform-2.0.5-natives-osx.jar
Launcher Type: SUN_STANDARD

[Global flags]
     intx CICompilerCount                          = 12                                        {product} {ergonomic}
     uint ConcGCThreads                            = 4                                         {product} {ergonomic}
     uint G1ConcRefinementThreads                  = 16                                        {product} {ergonomic}
   size_t G1HeapRegionSize                         = 2097152                                   {product} {ergonomic}
    uintx GCDrainStackTargetSize                   = 64                                        {product} {ergonomic}
   size_t InitialHeapSize                          = 262144000                                 {product} {ergonomic}
   size_t MarkStackSize                            = 4194304                                   {product} {ergonomic}
   size_t MaxHeapSize                              = 4167041024                                {product} {ergonomic}
   size_t MaxNewSize                               = 2499805184                                {product} {ergonomic}
   size_t MinHeapDeltaBytes                        = 2097152                                   {product} {ergonomic}
   size_t MinHeapSize                              = 8388608                                   {product} {ergonomic}
    uintx NonNMethodCodeHeapSize                   = 7602480                                {pd product} {ergonomic}
    uintx NonProfiledCodeHeapSize                  = 122027880                              {pd product} {ergonomic}
    uintx ProfiledCodeHeapSize                     = 122027880                              {pd product} {ergonomic}
    uintx ReservedCodeCacheSize                    = 251658240                              {pd product} {ergonomic}
     bool SegmentedCodeCache                       = true                                      {product} {ergonomic}
   size_t SoftMaxHeapSize                          = 4167041024                             {manageable} {ergonomic}
     bool UseCompressedOops                        = true                           {product lp64_product} {ergonomic}
     bool UseG1GC                                  = true                                      {product} {ergonomic}
     bool UseLargePagesIndividualAllocation        = false                                  {pd product} {ergonomic}

Logging:
Log output configuration:
 #0: stdout all=warning uptime,level,tags foldmultilines=false
 #1: stderr all=off uptime,level,tags foldmultilines=false

Environment Variables:
JAVA_HOME=C:\Users\DELL\Desktop\IDEA-Dev\IDEA-Dev\\jdk-21.0.6
PATH=C:\Users\DELL\Desktop\IDEA-Dev\IDEA-Dev\\jdk-21.0.6\bin
USERNAME=DELL
OS=Windows_NT
PROCESSOR_IDENTIFIER=Intel64 Family 6 Model 170 Stepping 4, GenuineIntel
TMP=C:\Users\DELL\AppData\Local\Temp
TEMP=C:\Users\DELL\AppData\Local\Temp




Periodic native trim disabled

---------------  S Y S T E M  ---------------

OS:
 Windows 11 , 64 bit Build 26100 (10.0.26100.9168)
OS uptime: 6 days 6:25 hours
Hyper-V role detected

CPU: total 22 (initial active 22) (11 cores per cpu, 2 threads per core) family 6 model 170 stepping 4 microcode 0x28, cx8, cmov, fxsr, ht, mmx, 3dnowpref, sse, sse2, sse3, ssse3, sse4.1, sse4.2, popcnt, lzcnt, tsc, tscinvbit, avx, avx2, aes, erms, clmul, bmi1, bmi2, adx, sha, fma, vzeroupper, clflush, clflushopt, clwb, hv, serialize, rdtscp, rdpid, fsrm, f16c, cet_ibt, cet_ss
Processor Information for processor 0
  Max Mhz: 1400, Current Mhz: 1400, Mhz Limit: 1400
Processor Information for processor 1
  Max Mhz: 1400, Current Mhz: 1400, Mhz Limit: 1400
Processor Information for processor 2
  Max Mhz: 3800, Current Mhz: 900, Mhz Limit: 874
Processor Information for processor 3
  Max Mhz: 3800, Current Mhz: 900, Mhz Limit: 874
Processor Information for processor 4
  Max Mhz: 3800, Current Mhz: 900, Mhz Limit: 874
Processor Information for processor 5
  Max Mhz: 3800, Current Mhz: 900, Mhz Limit: 874
Processor Information for processor 6
  Max Mhz: 3800, Current Mhz: 900, Mhz Limit: 874
Processor Information for processor 7
  Max Mhz: 3800, Current Mhz: 900, Mhz Limit: 874
Processor Information for processor 8
  Max Mhz: 3800, Current Mhz: 900, Mhz Limit: 874
Processor Information for processor 9
  Max Mhz: 3800, Current Mhz: 900, Mhz Limit: 874
Processor Information for processor 10
  Max Mhz: 1400, Current Mhz: 1400, Mhz Limit: 1400
Processor Information for processor 11
  Max Mhz: 1400, Current Mhz: 1400, Mhz Limit: 1400
Processor Information for processor 12
  Max Mhz: 1400, Current Mhz: 1400, Mhz Limit: 1400
Processor Information for processor 13
  Max Mhz: 1400, Current Mhz: 1400, Mhz Limit: 1400
Processor Information for processor 14
  Max Mhz: 1400, Current Mhz: 1400, Mhz Limit: 1400
Processor Information for processor 15
  Max Mhz: 1400, Current Mhz: 1400, Mhz Limit: 1400
Processor Information for processor 16
  Max Mhz: 1400, Current Mhz: 1400, Mhz Limit: 1400
Processor Information for processor 17
  Max Mhz: 1400, Current Mhz: 1400, Mhz Limit: 1400
Processor Information for processor 18
  Max Mhz: 1400, Current Mhz: 1400, Mhz Limit: 1400
Processor Information for processor 19
  Max Mhz: 1400, Current Mhz: 1400, Mhz Limit: 1400
Processor Information for processor 20
  Max Mhz: 2500, Current Mhz: 700, Mhz Limit: 700
Processor Information for processor 21
  Max Mhz: 2500, Current Mhz: 700, Mhz Limit: 700

Memory: 4k page, system-wide physical 15892M (958M free)
TotalPageFile size 50824M (AvailPageFile size 1309M)
current process WorkingSet (physical memory assigned to process): 270M, peak: 370M
current process commit charge ("private bytes"): 589M, peak: 667M

vm_info: Java HotSpot(TM) 64-Bit Server VM (21.0.6+8-LTS-188) for windows-amd64 JRE (21.0.6+8-LTS-188), built on 2024-12-03T10:50:54Z by "mach5one" with MS VC++ 17.6 (VS2022)

END.
